Itemno,Itembrand,Itemname,Itemprice,Itemscore,Itemshop
http://adgate.auction.co.kr/core/click?nextUrl=http%3a%2f%2fitempage3.auction.co.kr%2fDetailView.aspx%3fitemno%3dA562079824&data=wz4tErPvsLEUk%2buOXPskYSpyKaVwCCelHDs9JWkuMMRWC8GAFIOCC92bfxoL3umCdfDhhN3CbBWsji8uZCK1a4Mk2nbNO5rGpatg2SsVHWyV8Puywi9jh0zouBn2m7BHNgo3FyyZfAh2e5%2fViKRzK%2f6P8WIBeEuCxaCOgtmwLzXCSGdNB8CQPNrl0uc67dtAm8GMzT5S6p4bsUrc29E5YKkPNAK%2fV%2bwK5nHAKsVPyE7Xu69eHOzTqU9xmgiNt7VJq4fGEUCfQOSE38TkyU28zACVYEp8Aij2awRMR6SLsnOIKgkr69RUELA7xLBpM24S7quoEuHfvl5UhzyfTDVJxYqGDamlUc5KCQ2EQipt5BhBREx%2biJdZrQGYormINJvfOtDQrpkSoW7OaOfOf8EEMLmJj5LJbkMcA&referrer=app%3a%2f%2f&seq=434806040405&type=1,,중소기업TV /삼성 /LG /만능 /통합 /TV리모컨 콤보2000A 설정후사용가능 건전지무료 연관상품,"12,000원",후기평점 4.7점,stofarm
http://adgate.auction.co.kr/core/click?nextUrl=http%3a%2f%2fitempage3.auction.co.kr%2fDetailView.aspx%3fitemno%3dB269831841&data=wBx8rMLxPt3WemNcgs%2fbVKBRWgIGb6tclj0rkIMJIc6SlmdAV9CDDLQ6ZjwooGaekhGaByoLaX%2fldlQ0gNdU%2fUaOgzHgqb%2b92AdiWSLx4zgOnu1nWS4%2f1XzTl9M51SKzl%2bY3seVlo%2fQbmXZoK5Bejkxi%2bGpJ1pofnyyDIQT5HawReq72xRJI5crnDZreIbinDDllAcDbn3OhIdzUiZBkEAwfuopo2NGmCzAHnlv2cxCeT%2fNYdm2fi%2bH0elE2Ao70CP8m4nvbF%2fJQINk4KCtaV7QJak7KfHzRuWfX93EDKm%2fQywXinJ63RzPzQxz6ZxAzf4MDDrpoeHetF9DyrMpfBeTwIu68u8LhGu5btEW4YpU%2flEAFIksOHzgr8vQruWnAFIvqGTYM64wvltzFDIJwOqb5uhF56cuYC&referrer=app%3a%2f%2f&seq=434806040406&type=1,,음향젠더모음 2.5/3.5/5.5/모노/스테레오/잭/커넥터,"2,900원",후기평점 4.5점,sesun61
http://adgate.auction.co.kr/core/click?nextUrl=http%3a%2f%2fitempage3.auction.co.kr%2fDetailView.aspx%3fitemno%3dC772997920&data=wOK0mSUzlb5dF%2fKnDDBJZ73osYVHCo2qoAPsqjOlOjJyfM8TpRA2IIjnDoW%2br1YX%2fzqeN96cfp2RkkgVJ5rhmdFDJ0rLSCknm62nxU1Dr9iKKvFQyKOFHLouJLwzEyF7uAuDoZZaSzBp5Gzmq%2bXFaHb5HUJyADmPq5WvkOKVUe3ff%2fB6rR93GUfMy1fNkbAANILs8RtwJDaY%2bclAOIwstMwt3zKPmacvjO62shaKG8AhTuzFD44aoeii1Ie6c%2fY3B%2bTloaImF9pLpycP14CGPgasKjoOL9FwIrbYWydqUSjO5dTGtTj3Q%2bBjmRz6aIru10Ebf%2bumZltRS6fqL7WclB3L39TZznCFDyAw3Boumbhd6yjkfbhk6Qs9wTJ0qBGaK9M6u4lxCs0xPhZL3wFnTznZbyPu%2f9GcD&referrer=app%3a%2f%2f&seq=434806040407&type=1,소니,PS5 디스크 에디션 PlayStation 5 + 듀얼센스 컨트롤러 보호 케이스 1218 신공정 연관상품,"726,560원",후기평점 4.9점,PlayStationStore
C674171395,소니 공식 셀러,MDR-7506 모니터링 헤드폰 공식 판매점,"128,000원",후기평점 4.5점,
C946631380,소니 공식 셀러,ECM-VG1 샷건 마이크 콘덴서 초지향성 소니 촬영용 샷건 마이크,"275,000원",,
C946817640,소니 공식 셀러,ECM-674 샷건 마이크 콘덴서 지향성 소니 촬영용 지향성 샷건 마이크,"455,000원",,
B823106089,,소니 NP-FZ100 LCD 호환충전기 A7III A7MK3 A7M3,"9,900원",후기평점 4.9점,
B833290932,,소니 NP-FW50 LCD 듀얼 호환충전기 A6100 A6000 A5100,"9,900원",후기평점 4.6점,
C502623818,,소니 니콘 캐논 미러리스 카메라 메모리카드 리더기 연관상품,"5,620원",후기평점 3.8점,
C814129374,소니,플레이스테이션 VR2 호라이즌 콜오브더마운틴 번들 연관상품,"858,000원",후기평점 4.9점,PlayStationStore
C552008185,소니,PS5 디스크 에디션 PlayStation 5 플스5 본체 1218 연관상품,"688,000원",후기평점 4.8점,PlayStationStore
C655842019,소니 플레이스테이션5 공식 셀러,PS5 본체 디스크 에디션 1218A 플스5 신형 /당일출고 연관상품,"645,400원",후기평점 5점,onnori
C905671363,소니,PS5 갓오브워 라그나로크 스탠다드에디션,"46,500원",후기평점 4.9점,PlayStationStore
C814125974,소니,플레이스테이션 VR2 연관상품,"798,000원",후기평점 5점,PlayStationStore
C697279194,소니 플레이스테이션5 공식 셀러,PS5 본체 신형 디스크버전 + 듀얼센스 충전거치대 + 컨트롤러 블랙 / 인증판매점 연관상품,"790,000원",,gamemol
C964469184,소니 플레이스테이션5 공식 셀러,PS5 본체 디스크 에디션 듀얼센스 번들 신형 1218A + 듀얼센스 충전거치대 / N,"767,250원",,gamemol
C697248866,소니 플레이스테이션5 공식 셀러,PS5 본체 신형 1218A 디스크버전 플스5 / 인증판매점 연관상품,"645,400원",후기평점 5점,gamemol
C655735049,소니 플레이스테이션5 공식 셀러,PS5 본체 디스크 버전 / 플스5 /플레이스테이션5 연관상품,"645,000원",후기평점 4.8점,gamenlife
C362888157,소니,소니 ICD-TX660 보이스레코더 초소형 녹음기 휴대용 유투브 인기 방송장비 연관상품,"178,000원",후기평점 4.8점,avb
C915726570,소니 플레이스테이션5 공식 셀러,PS5 듀얼센스 엣지 무선 컨트롤러 /소니정품,"295,680원",후기평점 4.9점,gamenlife
C223186375,소니,소니 ICF-P36/스피커/라디오/FMAM/휴대용 ICF-P36,"38,000원",후기평점 4.6점,songkkim
C832848987,소니,PS4 호그와트 레거시 / 한글판 / 4월4일발매 / 토드백 미 증정,"69,800원",,raonatogame
B765174518,소니,소니 ICD-UX570F 보이스레코더 고성능 녹음기 블랙 연관상품,"148,000원",후기평점 4.6점,avb
B646127356,소니 플레이스테이션4,듀얼쇼크4..무선패드.조정기--신형 (PS4) 정품 중고,"33,500원",후기평점 4.7점,cdmaul
C735244244,소니,소니 NP-FW50 정품 배터리 A7S A7M A6300 NEX-5 A6000,"50,910원",,dysonwei
C844924358,소니 플레이스테이션5 공식 셀러,PS5 용과같이 유신 극 한글판 /PS5버전,"62,200원",후기평점 4.8점,gamenlife
C844914387,소니 플레이스테이션4 공식 셀러,PS4 용과같이 유신 극 한글판,"62,200원",후기평점 5점,gamenlife
D209598882,소니,PS5 로맨싱 사가 민스트럴 송 한글판 예약특전증정 새상품,"54,800원",,raonatogame
A578490841,소니,고감도라디오 ICF-306 FM AM 고출력스피커 스트레오,"80,000원",후기평점 4.8점,yote011
B646131791,소니,듀얼쇼크4 충전거치대..충전기(PS4) 소니 정품 중고,"16,500원",후기평점 4.8점,cdmaul
B359134540,소니,소니 ICF-306소형 AM/FM 라디오 외부스피커/아날로그,"45,000원",후기평점 4.8점,sms5949
B331367024,소니,소니 시계건전지 SR626SW SR920SW 시계배터리 교체,390원,후기평점 4.8점,goodream1224
A779562599,소니,정품 소니코리아 MDR-E9LP 소니 이어폰 화이트 연관상품,"7,500원",후기평점 4.8점,dvdq
C263431700,소니,소니 무라타 시계건전지 SR626SW 377 시계약교체일본산,400원,후기평점 4.7점,sigongan
B333152914,소니,소니 신형 CR2430(1알) CR2450 코인형 리튬건전지,"1,400원",후기평점 3.7점,sigongan
C965854796,소니,PS4 플레이스테이션 4 슬림 1TB 연관상품,"295,540원",,PlayStationStore
C480739799,소니,소니 NP-FZ100 카메라 배터리,"71,090원",후기평점 5점,dysonwei
C772997920,소니,PS5 디스크 에디션 PlayStation 5 + 듀얼센스 컨트롤러 보호 케이스 1218 신공정 연관상품,"726,560원",후기평점 4.9점,PlayStationStore
C655728844,소니 플레이스테이션5 공식 셀러,PS5 본체 디스크 버전 1218A 플스5 신형 / 디스크에디션 / N 연관상품,"667,740원",후기평점 4.9점,gamemol
C750681253,소니 플레이스테이션5 공식 셀러,PS5 본체 신형 1218A 디스크버전 + 듀얼센스 충전거치대 정품 연관상품,"683,550원",후기평점 5점,gamemol
C863927549,소니 플레이스테이션5 공식 셀러,PS5 PSVR2 본체 호라이즌 콜 오브 더 마운틴 번들패키지,"858,000원",후기평점 4.8점,gamemol
C658072536,소니 플레이스테이션5 공식 셀러,PS5 본체 디스크 + 듀얼센스 충전거치대 + 컨트롤러 화이트 연관상품,"790,000원",후기평점 5점,gamemol
C658068262,소니 플레이스테이션5 공식 셀러,PS5 본체 디지털 + 듀얼센스 충전거치대 + 컨트롤러 화이트 / 인증판매점 연관상품,"660,000원",후기평점 5점,gamemol
C964441033,소니 플레이스테이션5 공식 셀러,PS5 본체 디스크 에디션 듀얼센스 번들 신형 1218A + 듀얼센스 충전거치대,"744,000원",,gamemol
C960269335,소니 플레이스테이션5 공식 셀러,PS5 본체 디스크 에디션 듀얼센스 번들 패키지 신형 1218A 화이트,"707,540원",,gamemol
C960271790,소니 플레이스테이션5 공식 셀러,PS5 본체 디스크 에디션 듀얼센스 번들 패키지 신형 1218A 화이트 / N,"731,910원",,gamemol
C232273203,소니 플레이스테이션5 공식 셀러,PS5 소니 듀얼센스 무선 컨트롤러 / 화이트 연관상품,"73,920원",후기평점 4.8점,gamemol
C357499902,소니 플레이스테이션5 공식 셀러,PS5 소니 듀얼센스 무선 컨트롤러 / 신색상 선택 연관상품,"81,600원",후기평점 4.9점,gamemol
C344139558,소니 플레이스테이션5 공식 셀러,PS5 소니 듀얼센스 충전거치대 소니정품 충전독 연관상품,"33,500원",후기평점 4.9점,gamemol
B607716809,소니,정품 보이스레코더 녹음기 ICD-PX240 스피커 내장 _MS 연관상품,"78,000원",후기평점 4.8점,avb
C331480339,소니 플레이스테이션5 공식 셀러,PS5 DOBE 멀티 쿨링 스탠드 w/ 듀얼센스 젠더형충전독 연관상품,"24,960원",후기평점 4.8점,gamemol
C503721082,소니 플레이스테이션5 공식 셀러,PS5 소니 듀얼센스 무선 컨트롤러 / 갤럭틱 퍼플 연관상품,"82,360원",후기평점 5점,gamemol
C503718605,소니 플레이스테이션5 공식 셀러,PS5 소니 듀얼센스 무선 컨트롤러 / 스타라이트 블루 연관상품,"82,360원",후기평점 5점,gamemol
C503714363,소니 플레이스테이션5 공식 셀러,PS5 소니 듀얼센스 무선 컨트롤러 / 노바핑크 연관상품,"82,360원",후기평점 5점,gamemol
C921723937,소니 플레이스테이션5 공식 셀러,PS5 소니 듀얼센스 엣지 무선 컨트롤러 게임패드 소니정품,"295,680원",후기평점 5점,gamemol
C666743957,소니,보이스레코더 ICD-PX470 어학/강의용/음성감지녹음_MS,"98,000원",,avb
C951921763,소니 플레이스테이션5 공식 셀러,PS5 소니 듀얼센스 무선 컨트롤러 화이트 (벌크) / 소니정품 / 공식인증판매점,"56,330원",후기평점 5점,gamemol
C942633813,소니 플레이스테이션5 공식 셀러,PS5 듀얼센스 엣지 실리콘 커버 패드 보호 케이스,"12,800원",후기평점 5점,gamemol
C719103329,소니 플레이스테이션5 공식 셀러,PS5 듀얼센스 프리미엄 실리콘 커버 패드 보호 케이스 / 색상선택,"8,920원",후기평점 3점,gamemol
D215392228,소니 플레이스테이션5 공식 셀러,PS5 마계전기 디스가이아7 한글판 예약 / 엽서세트 / 5월24일출고,"54,800원",,gamemol
B614304166,소니,소니코리아 보이스레코더 PCM-A10 16G 전문용 유튜브 연관상품,"248,000원",후기평점 4.8점,avb
C499342886,소니,소니 마이크로 SD 메모리카드/16G/블랙박스/핸드폰,"9,400원",후기평점 4.8점,sms5949
C368421285,소니 공식 셀러,NPA-MQZ1K 멀티 배터리 어댑터 키트 NP-FZ100 2개포함 소니 공식대리점 홍익AV,"479,900원",,hisony
C746261634,소니 플레이스테이션5 공식 셀러,PS5 본체 디스크 버전 듀얼센스 컨트롤러 번들+충전거치대 연관상품,"743,000원",후기평점 5점,gamenlife
B743735893,소니,UWP-D21 무선마이크/소니코리아정품/AA배터리4알증정,"750,000원",후기평점 4.7점,bsz2
B637674882,소니,소니 녹음기 전문가용 PCM-D10 고음질 유투브제작 연관상품,"598,000원",후기평점 5점,avb
C865008572,소니,PS5 PSVR2 본체 호라이즌 콜 오브 더 마운틴 번들패키지 연관상품,"858,000원",후기평점 5점,onnori
C400058130,소니 공식 셀러,ZV-E10L 화이트+VPT2+마이크+충전셋+256G+리더기+가방 소니 공식 대리점 홍익AV 연관상품,"1,470,000원",후기평점 4점,hisony
C882614067,소니 플레이스테이션5 공식 셀러,PS5 본체 디스크 버전 듀얼센스 컨트롤러 번들 /듀얼센스 2개 연관상품,"707,000원",후기평점 3점,gamenlife
C863909024,소니,엑스페리아 에이스3 XPERIA ACE3 SO-53C 추가금없음,"205,000원",,japanstarseed
C400057038,소니 공식 셀러,ZV-E10L 화이트+VPT2+충전기+배터리+256G+가방+스트랩 소니 공식 대리점 홍익AV 연관상품,"1,250,000원",,hisony
C400000194,소니 공식 셀러,ZV-E10L 블랙+VPT2BT+마이크+충전셋+256G+리더기+가방 소니 공식대리점 홍익AV 연관상품,"1,475,000원",,hisony
C400015946,소니 공식 셀러,ZV-E10L 화이트+GP-VPT2BT+ 256G+ 리더기+스트랩+필름 소니 공식대리점 홍익AV 연관상품,"1,110,000원",,hisony
C980170214,소니 공식 셀러,ZV-E10L 화이트+GP-VPT2BT+SANEX-128G+충전기+배터리+필름 소니 공식 대리점 홍익AV,"1,185,000원",,hisony
D220684390,소니 알파7R,라오와 7.0mm F2 MFT 표준버젼 스탠다드/A급중고,"359,000원",,cameraman516
D220693054,소니,SIGMA C 30mm F1.4 DC DN M포서드용 (정품) /전시중고품,"298,000원",,cameraman516
C845090922,소니,PS5 플레이스테이션5 용과 같이 유신 극,"64,300원",후기평점 5점,bighorn
C845082612,소니,PS4 플레이스테이션4 용과 같이 유신 극 한글판,"64,300원",,bighorn
C928892046,소니,PS4 아토믹 하트 한글판 예약특전증정,"68,700원",,raonatogame
A686967012,소니,파나소닉 CR123A CR2 랜턴 건전지 3V건전지 4LR44,"3,490원",후기평점 5점,p01556
A624067916,소니,ps2 플스2 플레이스테이션2 중고 게임6000원부터 판매,"9,000원",후기평점 4.8점,teaukhot
B252552513,소니,PS4 소니 듀얼쇼크4 무선컨트롤러 / 색상선택 연관상품,"65,280원",후기평점 4.9점,gamenlife
A090157583,소니,소니 정품 충전기 4알동시충전가능 aa aaa,"21,000원",후기평점 4.6점,batterynara
A518091972,소니,소니 이어폰 E9 정품 sony mp3 어학용 학생용,"13,500원",후기평점 4.6점,batterynara
B497862406,소니,그란투리스모 스포트 (PS4) 한글판 중고,"10,500원",후기평점 4.8점,cdmaul
C658771160,소니 플레이스테이션5 공식 셀러,PS5 갓오브워 라그나로크 한글판 /PS5버전,"73,150원",후기평점 4.9점,gamenlife
A914344534,소니,소니클래식라디오 ICF-19 스피커 고감도수신 icf-f10,"48,000원",후기평점 4.8점,yote011
B388285438,소니,플레이스테이션 VR 1번세트 (PS4) 소니 정품 중고,"79,000원",후기평점 4.6점,cdmaul
C658768574,소니 플레이스테이션4 공식 셀러,PS4 갓오브워 라그나로크 한글판,"63,650원",후기평점 4.8점,gamenlife
C230837238,소니 플레이스테이션5 공식 셀러,PS5 듀얼센스 무선 컨트롤러 / 색상선택 / 소니정품 연관상품,"73,920원",후기평점 5점,gamenlife
C356626272,소니 플레이스테이션5 공식 셀러,PS5 듀얼센스 무선 컨트롤러 / 색상선택 /소니정품 연관상품,"81,600원",후기평점 4.8점,gamenlife
C326852722,소니 플레이스테이션5 공식 셀러,PS5 펄스 3D 무선 헤드셋 /소니정품 /색상선택 연관상품,"120,000원",후기평점 4.8점,gamenlife
B330559710,소니,소니 충전지 NI-MH 2000mAh AA/AAA 고용량 충전건전지,"5,900원",후기평점 4.7점,sigongan
C441777046,소니 플레이스테이션5 공식 셀러,PS5 듀얼센스 충전거치대 /소니정품 연관상품,"33,500원",후기평점 4.7점,gamenlife
C528958396,소니,PS4 호라이즌 포비든 웨스트 한글판 연관상품,"33,400원",후기평점 4.9점,gamenlife
C528956638,소니,PS5 호라이즌 포비든 웨스트 한글판 /PS5버전 연관상품,"52,220원",후기평점 4.8점,gamenlife
C492914401,소니 플레이스테이션4,PS4 PRO 7218 1테라..프로 7218B 본체 정발 중고,"255,000원",후기평점 4.2점,cdmaul
C956138182,소니,PS5 옥토패스 트래블러 2,"69,680원",후기평점 5점,ttgame
C356444372,소니,시계 건전지 모음 SR621 SR626 외 1.55V,700원,후기평점 4.6점,battery8949
C714535164,소니 플레이스테이션5,PS5 NBA 2K22 한글판 중고,"13,500원",후기평점 4.5점,cdmaul
C736301661,소니,ps5 소울 해커즈2 한글판 중고,"26,000원",,cdmaul
C928878325,소니,PS5 아토믹 하트 한글판 예약특전 증정,"74,800원",,raonatogame
C916506538,소니 공식 셀러,SF-E256 소니 메모리카드 SDXC T1 UHS II U3 256GB SD 메모리카드 공식대리점 홍익AV,"165,000원",,hisony
C956746082,소니,PS5 옥토패스 트래블러 2 한정판,"191,800원",,ttgame
C956985314,소니,PS4 옥토패스 트래블러 2 한정판,"191,800원",,ttgame
D209594992,소니,PS4 로맨싱 사가 민스트럴 송 한글판 예약특전증정 새상품,"54,800원",,raonatogame
C795016116,소니 플레이스테이션4,PS4 프로 7117B 몬스터터헌터월드 리오레우스 본체중고,"255,000원",,cdmaul
C928881831,소니,PS5 아토믹 하트 리미티드 에디션 한정판 한글판 예약판매,"129,800원",,raonatogame
D215732895,소니 플레이스테이션5 공식 셀러,PS5 마계전기 디스가이아 7 한글판 /PS5버전 예약 /엽서6종세트제공,"54,800원",,gamenlife
D219104449,소니,PS5 마계전기 디스가이아7 / 한글판 / 엽서세트,"54,800원",,raonatogame
C315142992,보쉬,보쉬 전동드릴 호환용 배터리18V SONY셀사용 6.0mAh 연관상품,"60,000원",후기평점 4.6점,core9522
C333648744,,삼소니 봄신상오픈 어린이집 키즈 등원복 티셔츠 유아 상하복 세트,"9,900원",후기평점 4.6점,samsony
B311793419,파나소닉,소니 파나소닉 정품 CR2032 CR2025(5알)리튬 수은전지,"1,800원",후기평점 4.8점,goodream1224
B509370391,,1위스마트헤드셋V1000블루투스무선헤드폰소니 오늘특가 연관상품,"59,000원",후기평점 4.4점,estore1
B872709094,,1위블루투스무선이어폰V2000소니삼성버즈보다우수 블랙 연관상품,"59,000원",후기평점 4.5점,estore1
C802296897,,이어클립형 골전도 블루투스 이어폰 무로고 소니 샤오미 고성능판 연관상품,"29,000원",후기평점 3.9점,Besti
A579338193,,1위스마트캠코더V2500카메라디카소니터치스크린삼성SD,"399,000원",후기평점 4.5점,estore1
A106608108,,오늘특가 1위스마트카메라 V2500캠코더소니카메라삼성,"449,000원",후기평점 4.8점,estore1
A107081126,,오늘특가1위스마트캠코더V 소니디카100배줌카메라삼성,"399,000원",후기평점 4.8점,estore1
C531974321,디월트,디월트 전동공구 호환 배터리 SONY셀사용 18V20V6.0AH 연관상품,"40,900원",후기평점 4.6점,jxj9597
A106617416,,1위스마트카메라V2500캠코더 디카삼성터치스크린소니,"399,000원",후기평점 4.7점,dicapower
A546380771,,1위스마트카메라V디카100X줌삼성터치스크린캠코더소니,"499,000원",후기평점 4.6점,dreampower
B230857733,,HDR-CX405 소니코리아정품/Full-HD/30배줌/CX240후속,"439,000원",후기평점 4.8점,bsz2
B849718549,FXT,최고급 SONY 800만4채널 국산카메라 4K 압도적인 화질 연관상품,"791,000원",후기평점 4.6점,flextechnik
B849712576,FXT,최고급 SONY 800만 4채널 국산 카메라 실외 x 2개 연관상품,"540,000원",후기평점 4.7점,flextechnik
B849714137,FXT,최고급 SONY 800만 4채널 국산 카메라 실외 x 3개 연관상품,"665,000원",후기평점 4.7점,flextechnik
B849725227,FXT,최고급 SONY 800만 16채널 국산 카메라 실내x4/실외x4 연관상품,"1,928,000원",,flextechnik
C771745851,,노트북아답터 삼성/LG/소니/HP/ASUS/ACER 어댑터 모음 19V 12V 15V 24V,"5,900원",후기평점 4.7점,sellinstec
B610166329,,KC인증 소니 NP-FW50 호환배터리 NEX-F3 NEX-5R,"17,700원",후기평점 4.8점,bestqueen
A088381724,,충전기 충전지 건전지 소니충전지,"5,400원",후기평점 4.5점,batterynara
A075481894,,소니 6mm 크리너 테이프/캠코더용/6mm크리너,"29,000원",후기평점 4.8점,dvdq
A535828571,파나소닉,cr123a cr2 crp2 카메라 건전지 파나소닉 도시바 소니,"3,300원",후기평점 4.3점,batterynara
B610162693,파워윈,KC인증 소니 NP-FW50 호환배터리 폴리머배터리 1080mAh,"17,900원",후기평점 4.5점,bestqueen
C589741236,디월트,디월트 전동공구 호환 배터리 SONY셀사용18V20V 6.0AH 연관상품,"36,500원",후기평점 4.4점,fange007
B615978599,파워윈,KC인증 소니 NP-FW50 호환배터리 A55 A37 A6300 A6500,"17,900원",후기평점 4.7점,bestqueen
C599141294,디월트,디월트 전동공구 호환 배터리 SONY셀사용 18V20V6.0AH 연관상품,"35,900원",후기평점 4.5점,jxj9597
C934804573,,소니 Sony WI-C200 넥팬드형 무선 블루투스 이어폰-화이트 연관상품,"61,700원",,worldshop89
D205981992,,Ambie 스타일 골전도 블루투스 이어폰 일본 소니-화이트 / 중립 상자 포함 연관상품,"21,200원",,worldshop89
C468322189,소니,소니 알파 ILCE-7M4 /A7M4 바디 와우카메라 연관상품,"3,129,000원",후기평점 4.9점,wowcamera
C468366743,소니 공식 셀러,공식대리점 A7M4 풀프레임 미러리스 (A7 ILCE-7M4),"3,179,000원",후기평점 5점,ncommerce
C424261173,소니,소니 블루투스 노이즈캔슬링 헤드폰 WH-1000XM4 실버 연관상품,"338,450원",후기평점 4.6점,Theloveshopping
C609589182,소니,FE 24-70mm F2.8 GM II SEL2470GM2/소니정품/신상품/TR,"2,966,000원",,plj1221
C302966706,소니,소니정품 ILME-FX3 시네마라인 카메라,"5,728,800원",후기평점 5점,btsolution
C356532152,소니,소니 PXW-Z190 4K 전문가용 캠코더 공식대리점,"5,055,000원",,btsolution
C610728293,소니,소니정품 FE 24-70mm F2.8 GM II/SEL2470GM2/cy,"2,965,000원",,camobuy
C825618180,소니 알파,소니정품 A7RM5 (A7R V) BODY A7R5 액정필름 /ED,"5,700,000원",후기평점 5점,edmart
A534857018,소니,[SONY] HXR-NX5N(정품),"2,550,000원",후기평점 5점,kks0933
C913445820,소니,소니 WH-1000XM5 노이즈캔슬링 블루투스 헤드폰 실버 연관상품,"499,900원",,Theloveshopping
C232042214,소니,A7C (바디킷) 실버 소니코리아 정품 연관상품,"2,009,790원",후기평점 4.8점,digitalplanet
C457993124,소니,망원 줌렌즈 70-200mm F2.8 / SEL70200GM2 주)CH 연관상품,"3,618,880원",후기평점 5점,climbhigh
C457804314,소니,신카_소니정품 A7c + 28-60mm kit_최저가,"2,275,000원",,sik812
C458120107,소니 알파,소니 알파 FE 70-200mm F2.8 GM OSS II 와우카메라,"3,619,200원",후기평점 5점,wowcamera
A736125574,소니,소니코리아 정품 SONY NEX-EA50H (주)캠나라미디어,"3,890,000원",,camnara0
C424260788,소니,소니 블루투스 노이즈캔슬링 헤드폰 WH-1000XM4 블랙 연관상품,"359,900원",후기평점 4.6점,Theloveshopping
A672614500,소니,소니 PMW-100 (소니코리아정품/학교 교회 관공서 납품전문업체/견적 상담가능/방문수령가능/빠른배송),"3,438,620원",후기평점 5점,snow4001
A675562856,소니,VPL-HW50ES,"3,300,000원",,avland21
C587591823,소니,소니 ILCE-7M4 (바디킷) /A7M4/정품/공식대리점/S,"3,135,000원",후기평점 5점,theshinsystem
C951532173,소니,SONY 알파 FE 24-70mm F2.8 GM II / SEL2470GM2 S_B,"2,949,990원",,gojjing5
A668474700,소니,소니 정품 SONY NEX-VG900 소니공식서브딜러,"3,000,000원",후기평점 1점,camnara0
C333752941,소니,단렌즈 FE 50mm F1.2 GM / SEL50F12GM 주)CH,"2,488,190원",후기평점 4.9점,climbhigh
C469117812,소니,(소니정품) A7 IV/A7M4/BODY/풀프레임/컬스,"3,200,000원",후기평점 5점,culturestory
B629523794,소니,정품 렌즈 FE 16-35mm F2.8 / SEL1635GM 청소킷증정,"2,334,940원",후기평점 4.9점,climbhigh
C252382116,소니,4K HDR 플래그십 핸디캠 FDR-AX700 주)CH,"2,339,800원",후기평점 4.7점,climbhigh
C665610869,소니,SEL1635GM (FE 16-35mm F2.8 GM) 정품 새제품 -p,"2,334,390원",후기평점 4.8점,digitalplanet
C903833065,소니,(주)거성 소니 정품 A7C 28-60mm kit 새상품 실버 연관상품,"2,344,000원",후기평점 5점,geosungcamera
B823285638,소니,소니 FE 16-35mm F2.8 GM 와우카메라,"2,334,700원",후기평점 4.9점,wowcamera
C296851600,소니,소니정품/ FE 16-35mm F2.8 GM/한솔카메라,"2,615,820원",,mdisc
A660155793,소니,소니 NEX-VG20[18-200렌즈킷/소니코리아정품/빠른배송/방문수령가능/퀵배송가능],"2,234,000원",,snow4001
C552015453,소니 플레이스테이션5,PS5 디지털 에디션 / 플스5 본체 PlayStation 5 1218 연관상품,"558,000원",후기평점 4.9점,PlayStationStore
C242586205,소니,ZV-1 화이트 소니코리아 정품 미개봉 새상품,"899,000원",후기평점 3점,leehiejae7
C583992065,소니,소니 FE 14mm F1.8 GM/SEL14F18GM_dn,"1,880,000원",,deenon
C913454287,소니,소니 WH-XB910N BZE 블루투스 헤드폰 블랙 정품박스 연관상품,"189,900원",,Theloveshopping
C427029770,소니,(코디) 소니 알파 FE 35mm 1.4 GM / SEL35F14GM/정품,"1,713,700원",후기평점 4.9점,rlcompany89
C300449332,소니,신카_소니정품 FE 35mm F1.4 GM 렌즈_전국최저가,"1,690,900원",,sik812
C928602011,소니,PS5 듀얼센스 엣지 무선 컨트롤러 연관상품,"280,000원",후기평점 4.9점,PlayStationStore
C741880299,소니,(소니정품)FE PZ 16-35mm F4 G/SELP1635G/컬스,"1,625,740원",후기평점 5점,culturestory
C680359557,소니,BS 소니정품 FDR-AX43A 4K 캠코더,"1,573,000원",후기평점 5점,beautyphoto
B486018347,소니 알파,소니정품/SEL70200G/FE 70-200mm F4 G OSS/72mm/cy,"1,510,000원",후기평점 5점,camobuy
B882466383,소니 알파,ILCE-6400(SELP1650 렌즈포함)실버/A6400L/A6400 연관상품,"1,127,900원",후기평점 3점,dicatown
C913441286,소니,소니 블루투스 노이즈캔슬링 헤드폰 WH-1000XM4 실버 연관상품,"369,900원",후기평점 4.7점,Theloveshopping
C345708191,소니,소니정품 RM-30BP 멀티리모트 공식대리점,"1,900,000원",,btsolution
B883146254,소니 알파,FE 90mm F2.8 Macro G OSS(SEL90M28G)마크로렌즈,"1,017,200원",후기평점 5점,dicatown
C617410954,소니 공식 셀러,소니 WH-1000XM5 노이즈캔슬링 블루투스 헤드폰 색상선택 실버입고 당일출고 정품인증,"499,000원",후기평점 4.9점,mpnavi
B821082547,소니,소니 알파 E 35mm F1.8 OSS / SEL35F18 (액시즈),"426,400원",후기평점 4.8점,axistore
C771708388,소니,노이즈캔슬링 블루투스 헤드폰 블랙 {WH-1000XM5} / D.KN,"491,700원",,richbeam
B819966846,소니 알파,SONY 알파 A6400 (BODY) 와우카메라 블랙 색상추가금 X 연관상품,"1,081,700원",후기평점 4.9점,wowcamera
C839191986,소니,소니 WH-1000XM5 노이즈캔슬링 블루투스 헤드폰 블랙 연관상품,"499,900원",,Theloveshopping
C397554382,소니,ZV-E10 + 16-50 블랙 정품 명품마을,"910,000원",,luxuryvillage
B299000995,소니 공식 셀러,소니 풀프레임 SEL90M28G 접사렌즈/소니공식대리점,"1,013,500원",후기평점 5점,a1122517a
C710301096,소니,PS5 콜오브듀티 모던워페어2 2022 패키지 버전,"85,500원",후기평점 4.8점,PlayStationStore
C791731756,소니 플레이스테이션5,PS5 플레이스테이션5 디스크 에디션 갓 오브 워 라그나로크 번들 갓오브워 1218A 신공정,"673,000원",후기평점 5점,PlayStationStore
C962377856,소니 플레이스테이션5 공식 셀러,PS5 본체 디스크 에디션 듀얼센스 번들 패키지 신형 1218A 화이트 / o,"731,910원",,onnori
A599016493,소니,HXR-FMU128 FMU128 (소니정품) 하드디스크 NX5N NEX-FS100NK,"582,260원",,snow4001
C840186312,소니,소니 ZV-1F 카메라(화이트) 브이로그/크리에이터/셀피/초광각 단렌즈/터치스크린/신제품 연관상품,"759,000원",,eins
C748170857,소니 플레이스테이션5 공식 셀러,PS5 본체 신형 1218A 디스크버전 + 듀얼센스 충전거치대 정품 연관상품,"683,550원",후기평점 5점,onnori
B885551557,소니,블루투스를 지원하는 무선 슈팅그립 GP-VPT2BT CH,"300,000원",후기평점 5점,climbhigh
A619300955,소니,아틀란 3d네비 + 한글지원 소니 XAV-712BT 카av,"949,000원",후기평점 4.8점,caraudio
A619300068,소니,지니 3d 네비게이션 셋업박스 + 소니 XAV-712BT 카av,"988,950원",,caraudio
C337529918,소니,소니 WH-CH710N 무선 노이즈 캔슬링 헤드폰 BLACK 연관상품,"99,000원",후기평점 4.6점,helloshopus
B612438227,소니 공식 셀러,소니 초고속 XQD 메모리 QD-G120F /120GB/공식대리점 연관상품,"394,000원",후기평점 5점,a1122517a
B614345535,소니 알파,망원 줌렌즈 18-105mm F4 G OSS/SELP18105G 청소킷증정,"618,470원",후기평점 4.6점,climbhigh
C278272723,소니 알파,알파 E PZ 18-105mm F4 G OSS(SELP18105G) 새제품 연관상품,"618,590원",후기평점 4.5점,digitalplanet
C530017700,소니,소니 캠코더 Full-HD(HDR-CX450/128GB패키지),"785,000원",,daewon215
C898915587,소니 플레이스테이션5,SIE 플레이스테이션 PS5 디지털에디션 신형,"599,500원",후기평점 5점,jjang0674
A708289937,소니,프로젝터 특가 4000안시/XGA 업무용 회의용 강의용,"598,000원",후기평점 5점,avbuy
B439458596,소니,PS4 PRO 1테라/7017B//깨끗중고/플스4프로/플스4중고,"224,000원",후기평점 4.8점,ahndark
A595823087,소니,DCR-VX2000 [소니코리아정품] 학교 교회 관공서 회사 개인 전문납품업체/방송장비,"649,900원",,snow4001
B798694705,소니 공식 셀러,GP-VPT2BT 무선 슈팅그립 미니삼각대 정품 공식대리점 홍익AV,"143,500원",후기평점 4.9점,dslrsony
A531149555,소니,소니 DCR-HC62 6mm방식+가방,"670,000원",,boown
C576083550,소니,사전예약 GS 소니 WF-1000XM4 노이즈캔슬링 블루투스이어폰 SV,"349,900원",후기평점 3.5점,gshome1
B904061706,소니,SEL55F18Z (정품) FE 55mmF1.8 ZA 새제품(재고보유),"766,300원",후기평점 5점,digitalplanet
B430954139,소니 공식 셀러,NP-FZ100 소니 배터리 정품 ILCE-9 A9 A7RM3 A7M3,"88,900원",후기평점 5점,dslrsony
C839195180,소니,소니 WH-1000XM5 노이즈캔슬링 블루투스 헤드폰 실버 연관상품,"499,900원",후기평점 5점,Theloveshopping
A769424833,소니,태성 소니 SAL1118 DT 11-18mm F4.5-5.6,"650,000원",,kwanon
B890172137,소니,PS4 PRO 1테라 화이트/7218B/깨끗중고/플스4프로중고,"279,000원",,ahndark
C698071399,소니,렉사 Professional CFexpress Type A 160GB LEXAR 렉사 Professional CFexpress Type A 160GB LEXAR,"420,000원",후기평점 5점,isblooming
C782793703,소니,GS 소니 WH-1000XM4 노이즈캔슬링 블루투스 헤드폰 BK,"463,300원",,gshome1
A534296008,소니,VCL-HG0737C(37mm광각),"250,000원",후기평점 5점,boown
C967155432,소니,SONY 알파 FE 28-60mm F4-5.6 벌크 정품 와우카메라,"388,500원",,wowcamera
C543635320,소니 플레이스테이션4,SONY 소니 무선 넥 밴드 블루투스 스피커 SRS-NS7 연관상품,"352,500원",,cocodamall
C950336851,소니,PS5 소니정품 듀얼센스 무선컨트롤러 (정품.새제품.벌크),"57,000원",후기평점 4.9점,ttgame
A751077712,소니,준에이브이 VPL-EX221,"139,900원",,llkh3455
C710303079,소니,PS4 콜오브듀티 모던워페어2 2022 패키지 버전,"85,500원",후기평점 4.8점,PlayStationStore
C271006405,소니 알파,단렌즈 FE 50mm F1.8/SEL50F18F 청소킷증정,"306,850원",후기평점 5점,climbhigh
A535535151,소니,준AV VPL-EX7,"139,900원",,llkh3455
C218437380,소니,소니정품 FE 28-60mm F4-5.6 / SEL2860,"389,000원",후기평점 5점,leehiejae7
B297771712,소니 알파,알파 클리어바인더 3공 A4 20P,"1,850원",후기평점 5점,cjmall0
D201928790,소니,소니 블루투스이어폰 WF-1000XM4 실버색상,"314,080원",,belieview
C909410067,소니,PS-LX310BT 블루투스 스테레오 턴테이블 - 포토상품평 이벤트,"289,000원",후기평점 5점,teraton
A107361352,소니,소니DCR-PC101 중고상품 신품대비80프로,"335,000원",후기평점 5점,boown
C623373783,소니 공식 셀러,공식대리점 슈팅그립 GP-VPT2BT (화이트 리모콘),"166,000원",,ncommerce
C875836680,소니,인크레더블딜 PS5 그란투리스모 7 스탠다드 에디션,"78,000원",후기평점 5점,ttgame
A756247114,소니 공식 셀러,소니 미러리스 SEL50F18 여친렌즈/E마운트/공식대리점,"288,900원",후기평점 4.6점,a1122517a
A554268077,소니 공식 셀러,AC-VQV10 소니 캠코더 급속충전기 NP-FV100A FV70,"143,500원",후기평점 4.8점,hisony
A875720596,소니,태성카메라 소니정품 VG-C1EM A7 A7R 전용세로그립,"380,000원",,kwanon
C241613712,소니,소니 LCS-SL20 소니코리아 정품 가방 새제품,"42,400원",후기평점 4.6점,digitalplanet
C481423798,소니,소니 WH-CH710N 무선 노이즈 캔슬링 헤드폰 Gray 연관상품,"99,000원",후기평점 4.6점,helloshopus
C483380645,소니,SONY WF-1000XM4 노이즈 캔슬링 이어폰/리퍼/세금포함 연관상품,"199,190원",후기평점 3점,USAPANDA
B901717926,소니,주)가게 소니 E 55-210mm F4.5-6.3 OSS SEL55210,"260,000원",후기평점 5점,companygagae
C893868272,소니 플레이스테이션5,PS5 갓오브워 라그나로크 한글판 코드번호 문자발송,"34,000원",,jjang0674
C609185809,소니,PSP 3005 펄 화이트 풀패키지+사은품 A급 중고,"198,900원",후기평점 5점,smartjp
C363267249,소니,ICD-TX660 보이스레코더 고성능 초소형 녹음기 마이크,"178,000원",후기평점 4.8점,jhenp
C570538450,소니,PS5 듀얼센스 무선 컨트롤러 화이트 연관상품,"79,800원",후기평점 4.8점,PlayStationStore
D203164463,소니 공식 셀러,소니 WH-CH720N 노이즈캔슬링 블루투스헤드셋 당일출고 정품인증,"199,000원",후기평점 5점,mpnavi
D206973011,소니,소니 링크버즈S 블루투스이어폰 (WF-LS900N/화이트) 당일발송,"215,000원",,belieview
A660147464,소니,소니코리아 HVL-F32X 플래쉬,"230,000원",,boown
B267955524,소니,ICD-TX650 초소형녹음기 음성 휴대용 보이스레코더,"178,000원",후기평점 4.8점,jhenp
C531168794,소니,소니WH-XB910N 블루투스 노이즈캔슬링 헤드폰 Black 연관상품,"174,900원",후기평점 4.3점,helloshopus
C953639024,소니 플레이스테이션5,SWITCH 옥토패스 트래블러2 컬렉터즈 에디션 (캐릭터스티커+책갈피 증정) 연관상품,"199,800원",후기평점 5점,gamegood
C781019855,소니,소니 음성녹음기 USB일체형 4GB(ICD-UX570F) 연관상품,"148,000원",후기평점 5점,avb
B454356179,소니 플레이스테이션4,중고 PS4 듀얼쇼크4신형/PS4 컨트롤러 /무선/소니정품,"35,900원",후기평점 4.6점,loginsoft
C503720358,소니,소니 블루투스 헤드폰 블루 WH-XB910N BZE 연관상품,"185,900원",,Theloveshopping
B300090080,소니,ICD-UX560 녹음기 정품 MP3재생 보이스레코더추천 블랙 연관상품,"148,000원",후기평점 4.8점,jhenp
A596822304,소니,SONY VPL-EX120,"1,000,000원",,avland21
C408186028,소니 공식 셀러,RMT-P1BT 블루투스 무선리모컨 /공식대리점,"68,350원",,a1122517a
A575775866,소니,[소니코리아정품]VRD-P1 다이렉트DVD복사CX700 CX560 XR160 PJ50 PJ30 SX45,"59,000원",,bsz2
B465671055,소니 공식 셀러,SELP1650 +앞캡 + 뒤캡 소니 16-50mm 번들렌즈,"189,000원",후기평점 5점,hisony
C833278159,소니 플레이스테이션5,소니 SIEK 플레이스테이션 PS5 갓 오브 워 라그나로크 buy,"34,000원",,buygo82
C581033899,소니,PS5 소니정품 듀얼센스 무선컨트롤러 미드나이트 블랙 연관상품,"73,000원",후기평점 5점,ttgame
B769460406,소니 공식 셀러,NP-FZ100 배터리+BC-QZ1 충전기 소니코리아 정품,"190,000원",후기평점 5점,hisony
C844843481,소니 플레이스테이션5 공식 셀러,PS5 용과같이 유신 극 / 용과 같이 한글판 / 패브릭포스터증정 연관상품,"62,200원",후기평점 4.9점,gamemol
C844836752,소니 플레이스테이션4 공식 셀러,PS4 용과같이 유신 극 / 용과 같이 한글판 / 패브릭포스터증정 연관상품,"62,200원",후기평점 5점,gamemol
C674171395,소니 공식 셀러,MDR-7506 모니터링 헤드폰 공식 판매점,"128,000원",후기평점 4.5점,
C223985498,소니,정품 소니코리아 MDR-ZX110AP 스테레오 헤드폰/ 블랙,"17,300원",후기평점 4.8점,dicaplus_1210
D215458976,소니,PS5 마계전기 디스가이아7,"54,800원",,ttgame
C878175307,소니,소니 AC 어댑터 AC-PW20,"121,300원",,suzukenshop
C597485096,소니,Sony - WFL900/H LinkBuds Truly Wireless Earbuds 세금포함/무료배송 연관상품,"118,110원",후기평점 3.8점,USAPANDA
C577160243,소니,캠핑카 추천 as 소니 DSX-A410BT 블루투스 카오디오,"159,000원",후기평점 5점,newsgcar2
A937699933,소니,플스3 4005B 250기가 본체중고 (PS3) 정식발매판 중고,"129,000원",후기평점 4.7점,cdmaul
C571254690,소니,PS5 듀얼센스 충전 거치대 CFI-ZDS1K 연관상품,"38,800원",후기평점 4.8점,PlayStationStore
B419421012,소니 공식 셀러,ECM-V1BMP 소니 핀 마이크 UWP-D11 V1 UTX-B03 UTX-B2,"143,000원",후기평점 4.9점,dslrsony
B825453734,소니,소니 일본 PSN 기프트카드 10000엔 만엔 카드결제ok,"103,900원",후기평점 5점,game24
B463570192,소니,소니정품 FE16-50mmF3.5-5.6 앞/뒤캡증정/ED,"119,900원",후기평점 4.8점,edmart
B498139195,소니,무손실 FLAC지원 소니 메카리스 카오디오 DSX-A110U,"125,130원",,caraudiosg1
C570624111,소니,PS5 듀얼센스 무선 컨트롤러 코스믹 레드 연관상품,"85,800원",후기평점 4.9점,PlayStationStore
B858604609,소니,377(SR626SW) 소니 손목시계 배터리 코인배터리 연관상품,490원,후기평점 4.8점,seungwonltd
B437559537,소니 알파,알파 프리미엄 링클리어화일 50P(A44공),"7,180원",후기평점 5점,lottei1
C664593208,소니 알파,미카도 휴대용제도판 경질 MK-PEB-1621 12Tx400x530,"86,480원",,lottei2
C729987949,소니,PS5 더 라스트 오브 어스 파트 1,"79,800원",후기평점 5점,PlayStationStore
C829087100,소니,BN 소니 SONY MDR-ZX110 아웃도어 헤드폰 블랙,"32,780원",,modendigital
C581034517,소니,PS5 소니정품 듀얼센스 무선컨트롤러 코스믹 레드 연관상품,"81,000원",후기평점 5점,ttgame
B544029719,소니 공식 셀러,소니 BC-QZ1 급속충전기/NP-FZ100 전용/공식대리점,"96,900원",후기평점 5점,a1122517a
C571251217,소니,PS4 듀얼쇼크4 무선 컨트롤러 글레이셔 화이트 연관상품,"67,800원",후기평점 4.9점,PlayStationStore
C591573570,소니,PS5 디지털 에디션 콘솔커버 (블랙 레드) 미드나이트 블랙 연관상품,"67,800원",후기평점 5점,PlayStationStore
C224102429,소니 공식 셀러,소니 WH-CH510 블랙 블루투스헤드폰 헤드셋 정품인증 당일출고,"74,000원",후기평점 4.8점,mpnavi
C813066986,소니,PS4 피파23 한글판 새상품 FIFA23 실물 시디,"76,000원",후기평점 4.7점,raonatogame
B604781202,소니,4인치 자동차 차량용 스피커 카오디오 우퍼 튜닝 장착,"62,950원",후기평점 4점,wildsound
C397792547,소니 플레이스테이션5 공식 셀러,PS5 소니 듀얼센스 무선 컨트롤러 / 화이트 o,"75,000원",후기평점 4.8점,onnori
C656549459,소니,정품 소니 NP-FZ100 배터리,"65,000원",,csyunjia
C940397929,소니,SONY WH-CH510 블루투스 헤드폰 소니 헤드폰,"68,000원",,taillist
C965923726,소니 플레이스테이션4 공식 셀러,PS4 와룡 폴른 다이너스티 한글 초회판,"69,800원",,gamemol
D214155710,소니 플레이스테이션5,PS4 옥토패스 트래블러2 한글판 새제품,"62,000원",,cdmaul
C928918639,소니 플레이스테이션4 공식 셀러,PS4 아토믹 하트 한글판 예약 / 스킨팩+아크릴스탠드 / 3월22일출고,"68,800원",,gamemol
B573913652,소니,디트로이트 비컴 휴먼 (PS4) 한글판 중고,"12,500원",후기평점 4.8점,cdmaul
C953642936,소니 플레이스테이션5,SWITCH 옥토패스 트래블러2 한글판 연관상품,"69,800원",후기평점 3.7점,gamegood
C979401220,소니 플레이스테이션4,PS4 용과같이 유신 극 한글판,"64,090원",,richbeam
C953581190,소니 플레이스테이션5,PS4 옥토패스 트래블러2 한글판 연관상품,"69,800원",후기평점 5점,gamegood
C965749881,소니 플레이스테이션4,PS4 와룡 폴른 다이너스티 (한글판),"69,800원",,gamesun
C769882701,소니,PS5 바이오하자드 빌리지 골드에디션 한글판 새상품,"62,600원",후기평점 4.6점,raonatogame
A563180931,소니 공식 셀러,NP-FV70A 캠코더 정품 배터리 FDR-AXP55 AX40 900,"86,000원",후기평점 4.9점,hisony
C430745257,소니 플레이스테이션4,중고PS4 블러드본 올드헌터 한글판 정식발매,"29,500원",,goodbbt
B565018697,소니 공식 셀러,AC-L200 소니 캠코더 전원 충전 아답타 HDR-CX450,"76,000원",후기평점 4.8점,dslrsony
C590636744,소니 플레이스테이션5 공식 셀러,PS5 시푸 벤젠스 에디션 한글판 / 벤젠스에디션,"57,400원",후기평점 5점,gamemol
D202737424,소니,PS4 WWE 2K23,"62,000원",,ttgame
B529925596,소니,소니 일본 PSN 기프트 선불카드 1000엔 PS5 스토어,"11,700원",후기평점 5점,game24
A838477536,소니 공식 셀러,BC-TRV 소니 배터리 충전기 FDR-AXP55 PJ675 CX450,"78,000원",후기평점 4.8점,hisony
D209742212,소니 플레이스테이션4 공식 셀러,PS4 로맨싱 사가 민스트럴 송 리마스터 한글판 예약 / 매뉴얼+양면커버 / 3월29일출고,"54,800원",,gamemol
A797634009,소니,PS3 폭스소울 - 잃어버린 전승 ( 한글판 / 새제품 ),"158,000원",,qkrtmdnjs
B575272795,소니,소니정품 NP-BX1 밀봉포장 패킹상품 RX 액션캠 배터리,"69,000원",후기평점 5점,Jandigital
C703537912,소니 플레이스테이션5,PS5 페르소나5 더 로열 한글판,"67,000원",후기평점 5점,bighorn
A551494483,소니 공식 셀러,AC-L200 소니캠코더 충전 전원아답타 HDR-CX450 CX900,"73,000원",후기평점 4.7점,hisony
C769870862,소니 플레이스테이션5,PS5 소울스티스 한글판 중고,"46,500원",,cdmaul
C870634514,소니,diy추천 자동차스피커 소니 XS-GTF1039 4인치 코엑셜카스피커,"74,000원",,caraudio
A806851549,소니,고감도라디오 ICF-306 FM AM 고출력스피커 스트레오,"83,000원",후기평점 4.5점,yote011
D209545297,소니 플레이스테이션4,PS4 로맨싱 사가 민스트럴 송 리마스터 (한글판) / 예약판 3월 29일 발송,"54,800원",,gamesun
A632479278,소니,소니 LCJ-HK 케이스/HX30V/HX30/HX20V/HX10V/HX10/H90,"69,000원",,dca9282
C734202324,소니,PS5 엘든링 한글판 중고,"44,500원",후기평점 5점,cdmaul
B394954616,소니,소니라디오 ICF-306 탁상용라디오 휴대용라디오 캠핑,"46,000원",후기평점 4.8점,applecat
C546909137,소니,소니 WH-CH710N 무선 노이즈 캔슬링 헤드폰 BLACK,"49,000원",,helloshopus
B375771571,소니,소니 Sony 시계건전지 364 SR621SW 배터리 특가상품 연관상품,320원,후기평점 4.8점,durishop1
C396763727,소니,PS4 잇 테이크 투 / 잇테이크투,"45,120원",후기평점 5점,ttgame
B834198122,소니 플레이스테이션4,소니 미국 PSN스토어 30달러 기프트카드 ps4 카드결제,"38,900원",후기평점 4.9점,game24
B384725900,소니 공식 셀러,NP-BX1 소니 충전 배터리 FDR-X3000R HDR-AS300R ZV-1,"60,500원",후기평점 4.8점,dslrsony
B893321955,소니,소니 라디오 ICF-19 고출력 라디오 캠핑라디오,"42,000원",후기평점 4.6점,NuryDigital
B543216586,소니,엑스페리아XZ2 컴팩트 케이스,"8,900원",후기평점 4.8점,hibernian
D200725764,소니 플레이스테이션5 공식 셀러,PS5 엔드리스 던전 한글판 /데이원 에디션 /PS5버전 예약,"44,800원",,gamenlife
B521636293,소니,휴대용 라디오 ICF-P36 건전지 사용 가로형 연관상품,"45,900원",후기평점 4.7점,applecat
C788272167,소니 플레이스테이션5,PS5 SD건담 배틀 얼라이언스 한글판 중고,"37,500원",후기평점 5점,cdmaul
C939947107,소니 플레이스테이션5 공식 셀러,PS5 월드워Z / 월드 워 Z 애프터매스 한글판,"45,000원",,gamemol
D214045624,소니 플레이스테이션5,PS5 아노1800 콘솔 에디션 초회판 선주문(3/15 출고),"45,000원",,gamegood
D215233016,소니 플레이스테이션5 공식 셀러,PS5 아노 1800 한글판 콘솔에디션 예약 / 얼리어답터혜택 / 3월15일출고,"45,000원",,gamemol
A513656250,소니,PSP DMB튜너 수신기 PSP-2005 / 3005 사용가능,"1,050원",후기평점 4.8점,ttgame
B838136265,소니,LCS-U30 가방 AXP55 AX43 AX40 AX700 AX100 A6400,"41,800원",후기평점 4.5점,btsolution
B308096568,소니 공식 셀러,BC-TRW 충전기 소니 알파 NP-FW50 적용 A6400 A5100,"56,000원",후기평점 4.8점,dslrsony
C771348164,소니,PS5 듀얼센스 컨트롤러 보호 케이스 연관상품,"6,170원",후기평점 4.5점,PlayStationStore
C812315106,소니 플레이스테이션5,PS5/PS4 갓오브워 라그나로크 한글판 다운로드 코드 문자발송 평일 오전10시-오후6시 발송,"34,900원",후기평점 5점,sbrtrading
A597011066,소니,플랫아웃 헤드 온(PSP) 한국 정식발매 당일발송 flatout head on 새재품 밀봉,"49,800원",,eo7723
C331519984,소니,정품 이어폰/MDR-E9LP/풍부한사운드/오픈형 화이트 연관상품,"6,300원",후기평점 4.5점,kammi2
C738509108,소니,중고PS4 좀비 아미4 데드 워 (한글판) ZOMBIE ARMY DEAD WAR 4 정식발매 플스 플레이스테이션,"34,900원",,goodbbt
C480727672,소니,소니 NP-FM500H 카메라 배터리,"32,990원",후기평점 3.9점,dysonwei
B425660252,소니,PS4 듀얼쇼크4 신형중고/PS4 컨트롤러/소니정품/중고,"35,900원",후기평점 4.7점,loginsoft
C430947438,소니 플레이스테이션4,중고PS4 스타워즈 배틀프론트 2 battle front 정식,"34,900원",,goodbbt
C426853723,소니,소니 MDR 1A 1ABT 1ADAC 패드 쿠션 커버 솜 헤드 밴드,"7,700원",후기평점 4.8점,ibis
C534405062,소니,호라이즌 포비든 웨스트 (PS4) 한글판 중고,"30,500원",후기평점 5점,cdmaul
C712513978,소니,중고PS4 테트리스 이펙트 한글판 정식발매 플스 플레이스테이션,"27,900원",,goodbbt
B834195150,소니 플레이스테이션4,소니 미국 PSN스토어 20달러 기프트카드 PS4 카드결제,"25,800원",후기평점 4.9점,game24
C718598567,소니,PS5 소닉 프론티어 /한글판 /초회판 새상품 가격인하,"31,800원",후기평점 5점,raonatogame
C582787192,소니 플레이스테이션4,PS4 갓 오브 워 PS Hits,"22,800원",후기평점 4.5점,PlayStationStore
B388417928,소니,소니 Sony 시계건전지 371 SR920SW 배터리 소니정품 연관상품,680원,후기평점 4.7점,durishop1
B825450621,소니,소니 일본 PSN 기프트카드 1000엔 카드결제ok,"11,700원",후기평점 5점,game24
C358572382,소니,무라타 SONY 시계배터리 371 SR920SW 건전지 1.55V 연관상품,680원,후기평점 4.8점,durishop1
C650555674,소니,PS4 니어레플리칸트 / 한글판 / 새상품 / 가격인하,"27,650원",후기평점 5점,raonatogame
C698323336,소니,PS4 블러드본 PS HITS 연관상품,"22,800원",후기평점 4.8점,PlayStationStore
C736238494,소니,소니 디지털 카메라 NP-BG1 정품 배터리NP-FG1,"19,250원",후기평점 5점,dysonwei
B453311079,소니,PS4 New 모두의 골프 한글판 / 뉴모두의골프 연관상품,"26,400원",후기평점 5점,gamemol
C219926813,소니,PSN 플러스 3개월 이용권/PSN 3/문자발송 /o,"25,000원",후기평점 4.8점,onnori
A939218819,소니,PS4 헤비레인 + 비욘드 투 소울즈 컬렉션 한글 /합본팩 연관상품,"25,920원",후기평점 4.9점,gamemol
B578860202,소니 공식 셀러,소니 MDR-EX155AP 이어폰 라이트블루/이어셋/스마트폰,"24,900원",후기평점 4.8점,mpnavi
B905429418,소니 플레이스테이션3,아케이드 스틱 개조스틱 (PS3/PC/중고),"35,900원",후기평점 5점,CCMARTRO
C224468887,소니,정품 소니코리아 MDR-ZX110AP 스테레오 헤드폰/블랙,"17,300원",후기평점 5점,dicaplus_1210
C358578615,소니,무라타 SONY 시계배터리 315 SR716SW 건전지 1.55V 연관상품,780원,후기평점 4.8점,durishop1
C255793244,소니,PS4 킹덤 컴 딜리버런스 로열에디션 / 한글판 / 새상품,"24,800원",후기평점 4.8점,raonatogame
C513765801,소니 공식 셀러,공식대리점 가방 LCS-U21 (카메라 ACC 공용 수납가능),"28,500원",후기평점 5점,ncommerce
C358551484,소니,무라타 SONY 시계배터리 377 SR626SW 건전지 1.55V 연관상품,400원,후기평점 4.8점,durishop1
C707692320,소니,PS4 낵2 한글판 중고,"19,500원",,cdmaul
C358553344,소니,무라타 SONY 시계배터리 364 SR621SW 건전지 1.55V 연관상품,320원,후기평점 4.8점,durishop1
C906302546,소니,PS5 발키리 엘리시움 한글판 o,"21,400원",후기평점 5점,onnori
C814119169,소니 플레이스테이션5 공식 셀러,PS5 더 다크 픽처스 앤솔로지 데빌 인 미 한글판,"20,800원",후기평점 4.4점,gamemol
C513775340,소니 공식 셀러,공식대리점 카메라 부착형 그립 AG-R2 (RX100 전체),"26,000원",후기평점 5점,ncommerce
C288235874,소니 알파,루벤스 수채화붓 720R 마모 6본조,"7,560원",후기평점 5점,cjmall0
C374328232,소니,PS5 로스트 저지먼트 /한글판 새상품 가격할인행사,"19,700원",후기평점 5점,raonatogame
C793713882,소니,ps3 하쿠나 마타타 아프리카 한글판 중고,"24,500원",,jinha888
C374283924,소니 플레이스테이션5 공식 셀러,PS5 로스트 저지먼트 한글판 심판받지 않은 기억 연관상품,"19,000원",후기평점 5점,onnori
C598758444,소니,PS2 중고 패드 플스2 듀얼쇼크2 실버 중고패드 연관상품,"18,000원",후기평점 5점,teaukhot
B394915964,소니 알파,도이퍼니처 매직슬라이드책꽂이 BS-064 600Wx220Dx235H,"19,110원",,cjmall0
C532241510,소니,소니 zv-e10 카메라 가죽 속사 케이스 네디아,"18,500원",후기평점 4점,nedia
B395216534,소니,소니 손목시계 약 건전지 교체 SR512SWN SR626SWN,450원,후기평점 4.6점,goodream1224
D215859800,소니 플레이스테이션3,PS3 소니정품 듀얼쇼크3 무선 육축패드 블랙 A급 중고,"24,900원",,smartjp
B834191821,소니 플레이스테이션4,소니 미국 PSN스토어 10달러 기프트카드 ps4 카드결제,"12,900원",후기평점 4.9점,game24
C298164143,소니 액션캠 공식 셀러,소니 액션캠 액션 모노포드(VCT-AMP1) /공식대리점 연관상품,"14,900원",,a1122517a
B214881501,소니,ps3 그란 투리스모 5 한글판 가이드북포함 중고,"20,500원",후기평점 4.8점,jinha888
C434432334,소니 플레이스테이션4,중고PS4 NBA2K16 정식발매 플스 플레이스테이션,"13,900원",,goodbbt
C587267538,소니,소니스피커Sony SRS-X77 SRS-X77B용 18V 어댑터,"18,000원",,loaduscom
C525123658,소니 플레이스테이션4,중고PS4 NBA 2K17 정식발매 플스 플레이스테이션,"9,600원",,goodbbt
C374895311,소니,정품 소니코리아 MDR-EX15AP 스마트폰 이어셋/블루,"10,750원",후기평점 4.8점,dicaplus_1210
C358594354,소니,무라타 SONY 시계배터리 389 SR1130SW 건전지 1.55V 연관상품,"1,720원",후기평점 5점,durishop1
C257167656,소니 공식 셀러,FDA-EP19 아이피스 컵 ILCE-7SM3 A7SM3 hiav,"17,000원",,hisony
C588459702,소니,소니노트북용 19.5V 4.7A/4.1A/19.5V 3.9A 국산어댑터,"15,000원",,loaduscom
B267843573,소니,소니 Sony 시계건전지 379 SR521SW 배터리 소니정품 연관상품,480원,후기평점 4.7점,durishop1
C958427406,소니 알파,엔젤러스 스웨이드 염색제 88.7ml,"8,800원",,homeandshopping
C557426223,소니,소니 호환 이어패드 MDR-1R 1RBT 1RNC 가죽 커버 쿠션 연관상품,"8,900원",후기평점 3.3점,graycon
C259744661,소니,CR2/3V 1개 리튬건전지 카메라 골프거리측정기 배터리 연관상품,"6,500원",후기평점 4.7점,fineflower
B568787861,소니,SRS-D5/SRS-X5 SONY 스피커 어댑터호환 국산 아답터,"11,000원",후기평점 4.9점,skycplus
C850157636,소니 알파,보리보리/알파(ALPHA) 계산기 LS-121TSC 12단SOB,"12,200원",,boribori2
B472182350,소니 플레이스테이션4,뉴클리어(PS4) 하코니와 컴퍼니웍스 초회한글판,"9,800원",후기평점 5점,nuclearclub1
C331497312,소니,정품 이어폰/MDR-E9LP/풍부한사운드/오픈형 화이트,"6,300원",후기평점 4.7점,kammi1
B891505395,소니 플레이스테이션3,GTA5 (PS3/중고) 한글판,"10,900원",후기평점 4.3점,CCMARTRO
B891254275,소니 플레이스테이션4,PS4 분노의 질주 크로스로드 한글판,"10,500원",후기평점 5점,kjr4148
A521127580,소니,소니 Sony 시계건전지 377 SR626SW 배터리 특가상품 연관상품,400원,후기평점 4.9점,durishop1
C851731940,소니,소니 RX-100 가죽케이스 브라운 - up,"6,500원",,daom77
C358591288,소니,무라타 SONY 시계배터리 362 SR721SW 건전지 1.55V 연관상품,930원,후기평점 4.8점,durishop1
B395489252,소니,소니특가 CR2025 CR2016 5알 코인 리튬 시계 건전지,"1,800원",후기평점 5점,goodream1224
B838674672,소니,소니 정품 액션캠 전용 AKA-FL2 부표,"22,560원",,cjmall0
A634494357,소니 공식 셀러,ALC-B1EM 소니 알파 NEX 바디 캡A5100 A6000,"7,800원",후기평점 4.9점,hisony
C358580549,소니,무라타 SONY 시계배터리 317 SR516SW 건전지 1.55V 연관상품,740원,후기평점 4.7점,durishop1
B858606612,소니,317(SR516SW) 레나타 손목시계 배터리 코인배터리 연관상품,950원,후기평점 4.6점,seungwonltd
C358582701,소니,무라타 SONY 시계배터리 321 SR616SW 건전지 1.55V 연관상품,620원,후기평점 4.8점,durishop1
B844493584,소니,소니 Sony 시계건전지 395 SR927SW 배터리 소니정품 연관상품,790원,후기평점 4.6점,batterystory
B342900181,소니,알파 12색 포스터칼라/10ml/15ml/30ml,"6,900원",,drumking1
C358575054,소니,무라타 SONY 시계배터리 379 SR521SW 건전지 1.55V 연관상품,480원,후기평점 4.9점,durishop1
B453619123,소니,소니 시계건전지 SR44N SR521SW 손목시계 약 셀프교체,950원,후기평점 5점,sigongan
C788941964,소니,(현대Hmall)사이먼 앤 가펑클-The Essential,"15,490원",,hmall01
C456740849,소니,(현대Hmall)소니 ICD-TX660 보이스레코더 방송 어학용 초소형 녹음기,"168,260원",후기평점 4.5점,hmall01
B295894918,소니 알파,핸디패드,"1,000원",후기평점 5점,cube3671
C707886397,소니,(현대Hmall) SONY 소니 전문가용 보이스레코더 PCM-A10 16G 녹음기,"234,060원",후기평점 5점,hmall01
C509133531,소니,(현대Hmall) SONY 소니 보이스레코더 ICD-PX470 4GB USB일체형녹음기,"93,060원",후기평점 2점,hmall01
C407779923,소니,(현대Hmall)소니 ECM-LV1 핀마이크 PC 컴퓨터 마이크,"39,000원",후기평점 5점,hmall01
C455828159,소니,(현대Hmall) sony 소니 기본형 녹음기 ICD-PX240 보이스레코더,"79,000원",후기평점 4점,hmall01
C677481577,소니,(현대Hmall) SONY 소니 블루투스 컴포넌트 오디오 CMT-SBT20,"168,260원",,hmall01
C786229588,소니,(현대Hmall)소니 ECM-LV1 핀마이크 PC 컴퓨터 마이크,"33,840원",,hmall01
B776588689,소니,NS 소니 A99M2+SAL2470Z2 표준줌렌즈_gg,"5,800,000원",,nsmall
B776588749,소니,NS 소니A99M2+SAL70200G2 망원줌렌즈_고래,"6,800,000원",,nsmall
C407781751,소니,(현대Hmall)소니 클립 스탠드겸용 마이크 ECM-PC60,"32,000원",,hmall01
C786230928,소니,(현대Hmall)소니 전문가용 녹음기 PCM-D10 고성능녹음기 보이스레코더,"599,000원",,hmall01
C786452388,소니,(현대Hmall)소니 보이스레코더 ICD-UX570F USB일체형녹음기,"149,000원",,hmall01
C800850016,소니,(현대Hmall) SONY 소니 보이스레코더 PCM-A10 16G 녹음기,"234,060원",,hmall01
C833277281,소니,SONY WI-H700 블루투스 스테레오 이어폰/넥밴드/HRA/NFC/LDAC/apt-X HD/DSEE HX/드라...,"183,600원",,nsmall
C833279604,소니,SONY WH-CH500 블루투스 헤드폰/NFC/ACC/SBC/드라이버:30mm/음악재생:20시간/음성...,"85,860원",,nsmall
C875581997,소니,PS5 플레이스테이션5 디스크에디션 CFI-1218A,"715,000원",,nsmall
C939005908,소니,(현대Hmall) LP 마이클 잭슨- Thriller 40주년 기념반,"40,300원",,hmall01
C978185168,소니,PS5 플레이스테이션5 디스크에디션 CFI-1218A_bw,"714,000원",,nsmall
A694849589,소니,ps2 플스2 플레이스테이션2 중고타이틀 판매 최저가,"9,000원",후기평점 4.8점,teaukhot
B586656658,소니,소니 J-TECH SR626SW SR626H 전지 LR626 AG4 377 대응,300원,후기평점 4.8점,yongculb
B632199525,소니,소니 블루투스 헤드폰 WH-CH700N/무선헤드폰,"239,000원",,fgs_0289
B811238644,소니,(현대Hmall) PS4 드래곤 퀘스트 빌더즈 2 파괴신 시도와 텅 빈 섬,"71,000원",,hmall01
C295286890,소니,(현대Hmall) PS4 호라이즌 제로던 컴플리트 에디션 (Value Selection),"29,000원",,hmall01
C800772070,소니,(현대Hmall) PS4 플레이스테이션4 슬림 수직 받침대 /제트블랙 (CUH-ZST2J),"27,800원",,hmall01
C458909350,소니,소니 MDR-7506 7510 이어 패드 쿠션 커버 헤드폰,"3,900원",후기평점 4.8점,abs2020
B395216447,소니,소니 시계건전지 SR616SWN SR521SWN 리튬 시계배터리,350원,후기평점 4.9점,goodream1224
B330462190,소니,SONY 무라타 시계건전지 SR626SW 손목시계 배터리교체,400원,후기평점 4.8점,sigongan
C472674192,소니 알파,알파색채 포스터칼라세트 학생용 (30mlX12) 물감 학교 연관상품,"39,270원",,jjubi23
C479898858,소니,소니 외장 스피커 라디오 ICF 19 소형 카세트 미니,"192,860원",,nanuri03
C492973373,소니,소니 외장 스피커 라디오 ICF 19 소형 휴대용 카세트 연관상품,"192,860원",,habijubi
C496314871,소니,소니 외장 스피커 라디오 ICF 19 소형 오디오 휴대용,"192,860원",,thegreatboy3
C589298612,소니,(소니) 헤드폰 MDR-ZX110AP 색상랜덤 학생 선물용 정 연관상품,"61,250원",,jjubi22
C621233202,소니,(소니) 헤드폰 MDR-ZX110AP 색상랜덤 외출 패션 정품 연관상품,"60,750원",,nanuri01
C707879114,소니,(소니) 헤드폰 MDR-ZX110AP 색상랜덤 /커플헤드폰/선물용헤드폰/여행헤드폰/학생헤드폰/헤드폰/정품헤드폰/ 연관상품,"66,850원",,zzenn1
C727912931,소니,(소니) 헤드폰 MDR-ZX110AP 색상랜덤 /선물용헤드폰/학생헤드폰/소장용헤드폰/패션헤드폰/정품헤드폰 연관상품,"66,440원",,tradesale3
C728078812,소니,소니 외장 스피커 라디오 ICF 19 소형 /오디오/외장스피커/휴대용카세트/소형라디오/휴대용라디오/카세트,"210,990원",,tradesale3
C719280047,소니,(소니) 헤드폰 MDR-ZX110AP 색상랜덤 /외출헤드폰/학생헤드폰/커플헤드폰/정품헤드폰/선물용헤드폰 연관상품,"56,260원",,thegreatboy71
C269922717,소니,소니 헤드폰 MDR-ZX110AP 화이트 음악헤드폰 패션헤드 연관상품,"51,780원",후기평점 5점,nubimall
C325725874,소니 알파,알파 준전문가용 실버라벨 아크릴물감 20ml 24색 전문 연관상품,"68,780원",,nubimall
C325726598,소니 알파,알파 준전문가용 실버라벨 아크릴물감 50ml 12색 전문 연관상품,"82,590원",,nubimall
C442714995,소니,소니 헤드폰 MDR-ZX110AP 화이트 정품헤드폰 패션헤드 연관상품,"58,350원",,jsmyshop
C562991874,소니,소니 라디오 ICF-306 FMAM 등산 낚시 캠핑 휴대용 가 연관상품,"107,410원",,umarket1
C646847469,소니 알파,알파 학생용 아크릴 칼라 12색 물감 용 용품 화방 칠 연관상품,"20,380원",,kissandhug
C674636857,소니,소니 외장 스피커 라디오 ICF 19 소형 연관상품,"162,380원",,umarket1
C677038317,소니,소니 메모리스틱 PRO-HG Duo 16GB SONY 카드 이동식 메모리칩 저장장치 초고속 연관상품,"135,280원",,umarket1
C717013052,소니,(소니) 헤드폰 MDR-ZX110AP 색상랜덤 /커플헤드폰/외출헤드폰/음악헤드폰/선물용헤드폰/헤드폰 연관상품,"55,650원",,boksmarket
C728992060,소니,SONY 비디오 테이프 메탈 64M /비디오녹화테이프/비디오저장테이프/테잎/비디오공테잎/공테잎/테이프 연관상품,"148,470원",,gyustore1
C729039100,소니,SONY BETACOM 비디오 테이프 60MLA /공테잎/비디오저장테이프/비디오공테이프/비디오녹화테이프/비디오테잎 연관상품,"91,270원",,gyustore1
C963213052,소니,(소니) 헤드폰 MDR-ZX110AP 색상랜덤 /패션헤드폰/헤드폰/정품헤드폰/학생헤드폰/선물용헤드폰/외출헤드폰,"63,330원",,leekung06
C972311835,소니,소니 외장 스피커 라디오 ICF 19 소형 /외장스피커/작은라디오/라디오/휴대용라디오/휴대용카세트/오디오,"170,950원",,sf2639
C973107537,소니,소니 외장 스피커 라디오 ICF 19 소형 /외장스피커/미니라디오/휴대용카세트/소형라디오/라디오/오디오,"170,950원",,syk59799
C973265053,소니,(소니) 헤드폰 MDR-ZX110AP 색상랜덤 /선물용헤드폰/헤드폰/소장용헤드폰/외출헤드폰/정품헤드폰,"54,210원",,syk5975
C673789697,소니,(소니) 헤드폰 MDR-ZX110AP 색상랜덤 선물용 여행 정품 학생 외출 커플 패션 소장용 음악 연관상품,"52,420원",,sksdlwkfk03
C443134966,소니,소니 외장 스피커 라디오 ICF 19 소형 미니라디오 소 연관상품,"156,610원",,otomall
B869511860,소니,소니 시계배터리 373 / SR916SW 10개,"43,360원",,kakauto
B869695477,소니,소니 시계배터리 394/ SR936SW 10개,"46,220원",,kakauto
B870216541,소니 알파,알파 골드 젯소 4L,"81,430원",,kakauto
C963968467,소니,(소니) 헤드폰 MDR-ZX110AP 색상랜덤 /소장용헤드폰/여행헤드폰/외출헤드폰/커플헤드폰/학생헤드폰 연관상품,"46,260원",,jejuins
C973720272,소니,(소니) 헤드폰 MDR-ZX110AP 색상랜덤 /커플헤드폰/여행헤드폰/선물용헤드폰/음악헤드폰/소장용헤드폰 연관상품,"46,130원",,happyjmall
B669748877,소니,등산 낚시 소형라디오 외장스피커 소니 ICF-19 작은라 연관상품,"171,870원",,elinekorea
C963716194,소니,(소니) 헤드폰 MDR-ZX110AP 색상랜덤 /외출헤드폰/소장용헤드폰/커플헤드폰/정품헤드폰/선물용헤드폰 연관상품,"35,970원",,jegaemall
C566271807,소니,소니 6mm 미니 비디오카셋트 테이프 5매 소박스 테이,"37,530원",,lucasmall
C697864886,소니,(소니) 헤드폰 MDR-ZX110AP 색상랜덤 학생 외출 여행 패션 커플 선물용 음악 소장용 정품 연관상품,"42,110원",,nhliving
C697909553,소니,소니 외장 스피커 라디오 ICF 19 소형 휴대용카세트 작은 오디오 미니 휴대용 연관상품,"132,240원",,nhliving
C710480902,소니,소니 메모리스틱 PRO-HG Duo 8GB SONY 메모리카드 /저장장치/메모리칩/스틱메모리카드/메모리스틱 연관상품,"77,510원",,nhproject
C710623236,소니,소니 메모리스틱 PRO-HG Duo 16GB SONY 메모리카드 /스틱메모리카드/초고속메모리/메모리스틱/메모리카드 연관상품,"110,150원",,nhproject
C863269822,소니,소니 외장 스피커 라디오 ICF 19 소형 /카세트/휴대용라디오/휴대용카세트/미니라디오/작은라디오 연관상품,"132,240원",,nhliving
C864539393,소니,SONY 비디오 테이프 메탈 64M /공테이프/비디오공테잎/테이프/비디오공테이프/비디오테잎/비디오저장테이프,"113,990원",,nhproject
C209145014,소니 알파,(알파) 준전문가용 실버라벨 아크릴물감 20ml 24색 미 연관상품,"42,340원",,elinekorea4
C746802211,소니,소니 메모리스틱 PRO-HG Duo 32GB SONY 메모리카드 /메모리/초고속메모리/메모리칩/이동식메모리 연관상품,"171,750원",,naexywhite
C746825844,소니,소니 메모리스틱 PRO-HG Duo 8GB SONY 메모리카드 /스틱메모리카드/초고속메모리/메모리스틱/메모리 연관상품,"78,200원",,naexywhite
C802323630,소니 알파,알파색채 디자인 마카세트 12색 /작품용마카펜/마카펜/디자인마카펜/학습용마카펜/미술수업마카펜 연관상품,"62,410원",,rungjee
C802361821,소니,(소니) 헤드폰 MDR-ZX110AP 색상랜덤 /헤드폰/여행헤드폰/외출헤드폰/선물용헤드폰/패션헤드폰/커플헤드폰 연관상품,"43,270원",,rungjee
C710773737,소니 알파,알파색채 아크릴물감세트 학생용 7.5ml 12색 연관상품,"17,540원",,whitebirdmall
C752656435,소니,소니 블루투스스피커/SRS-XB13/풍부한사운드/방수/,"143,370원",,samla1
A595818072,소니,PD170 (병행수입 일본직수입) 방송장비 전문업체 A/S가능 빠른배송 사은품증정,"316,470원",,snow4001
B649149047,소니,소니 6mm 미니 비디오카셋트 테이프 5매 소박스 캠코,"29,960원",,sasbest1
B620624110,소니,등산 낚시 소형라디오 외장스피커 소니 ICF-19 소형라,"118,310원",,angel2ahy4
B651414102,소니,소니 빅사이즈 클래식 AM FM 포터블 라디오 등산 낚시,"117,410원",,sasbest2
C660006655,소니 알파,알파 준전문가용 실버라벨 아크릴물감 20ml 24색 알파 준전문가용 실버라벨 아크릴물감 20ml 24색,"61,670원",,duna1
C890917191,소니,(소니) 헤드폰 MDR-ZX110AP 색상랜덤 /커플헤드폰/헤드폰/패션헤드폰/여행헤드폰/정품헤드폰/음악헤드폰 연관상품,"38,050원",,ruwant
C913236064,소니,(소니) 헤드폰 MDR-ZX110AP 색상랜덤 /여행헤드폰/선물용헤드폰/음악헤드폰/정품헤드폰/학생헤드폰 연관상품,"38,050원",,hcmart0
C928136382,소니,(소니) 헤드폰 MDR-ZX110AP 색상랜덤 /선물용헤드폰/학생헤드폰/헤드폰/커플헤드폰/소장용헤드폰 연관상품,"38,050원",,tntlab
D214986964,소니,소니 메모리스틱 PRO-HG Duo 16GB SONY 메모리카드 소니,"89,470원",,cshmall
D215095265,소니,소니 메모리스틱 PRO-HG Duo 8GB SONY 메모리카드 소니,"63,160원",,cshmall
A680709233,소니,HVR-A1N [소니코리아정품/방송장비/악세사리일체형/중고상품/교회 관공서 학교 납품전문/빠른배송]중계용,"739,510원",,snow4001
A820242558,소니,HVR-A1N [소니코리아정품/방송장비/악세사리일체형/중고상품/교회 관공서 학교 납품전문/빠른배송]중계용,"608,000원",,snow4001
C893100687,소니,(소니) 헤드폰 MDR-ZX110AP 색상랜덤 연관상품,"35,620원",,nstool
C893159720,소니,소니 외장 스피커 라디오 ICF 19 소형 연관상품,"120,800원",,nstool
C899726565,소니,소니 메모리스틱 PRO-HG Duo 16GB SONY 메모리카드 연관상품,"99,920원",,nstool
B782007510,소니 알파,알파) 다용도 실버아크릴물감 (24색)-유화물감 화방용,"52,600원",,snug2325
C709292356,소니 알파,알파색채 디자인 마카세트 12색 /작품용마카펜/학습용마카펜/다용도마카펜/마카펜/스케치마카펜 연관상품,"195,060원",,citycomes3
A600421155,소니,HVR-Z1N(정품중고) 드럼 테입 시간 적음 상담문의가능 빠른배송 소니코리아정품,"1,269,470원",후기평점 5점,snow4001
A681240371,소니,DCR-VX2100(병행 일본직수입)학교/교회/관공서/회사/개인/전문 납품업체 사은품증정/빠른배송/중계용캠코더,"359,670원",,snow4001
B581499780,소니,소니 MDR-ZX750AP HEADPHONE 블루투스/헤드폰/,"119,000원",,a8486
A683336878,소니 핸디캠,HVR-HD1000N (정품)-(중고)악세사리일체형/교회 관공서 학교 납품전문/신동품95%,"821,340원",,snow4001
A696597667,소니,HVR-V1N(정품) - 학교/교회/관공서/회사/개인/전문 납품업체/신동급/ 사은품증정/빠른배송/퀵배송가능,"1,131,100원",,snow4001
A757525307,소니,소니 알파 A850 [소니코리아정품/상태A급/박스풀/방문수령가능/빠른배송],"1,250,890원",,snow4001
A760749832,소니,소니 알파 A850 (소니코리아정품/전시/중고),"1,250,800원",,ydog00
C873842940,소니,외장스피커 소니 ICF-306 휴대용 손잡이 라디오 헤드폰 셋 이어폰 셋,"89,170원",,betona
C873843327,소니,외장스피커 소니 ICF-19 휴대용 손잡이 라디오 헤드폰 셋 이어폰 셋,"127,980원",,betona
C968761372,소니 알파,정품 알파 브러쉬마카 12색 A B 캘리그라피 디자인마카 펜 칼라펜 마커,"52,410원",,ondal2
C673180954,소니,PS5 고담 나이츠 (한글판),"37,500원",후기평점 5점,gamesun
C493427633,소니,소니 CCD2 화물차량 버스용 후방카메라-0.01LUX 화질,"66,000원",후기평점 5점,bluestation
B830498568,소니,매틴 Ultra Slim Pro MC UV 43mm,"16,200원",,joydica
B830536051,소니,매틴 Ultra Slim Pro MC UV 46mm,"16,200원",,joydica
C640619504,소니 알파,알파 아크릴 물감 20ml 24색 전문가용 미술 용 공예용,"35,350원",,locostmall
C965471841,소니,소니 6mm 미니 비디오카셋트 테이프 5매 소박스 테이프 영상 카세트 카트리지 녹화테이프,"25,340원",,zendia
C969256789,소니,정품 소니 6mm 미니 비디오카셋트 테이프 5매 소박스 테이프 영상촬영용품 카세트 카트리지 녹화테이프,"28,000원",,ondal2
D216360540,소니 알파,알파 브러쉬마카 12색 A B 캘리그라피 디자인마카 펜 칼라펜 마커,"47,910원",,bellosmarket
D217085746,소니,소니 6mm 미니 비디오카셋트 테이프 5매 소박스 테이프 영상 카세트 카트리지 녹화테이프,"25,020원",,bellosmarket
D217251958,소니,등산 낚시 소형라디오 외장스피커 소니 ICF 19 소형라디오 FM AM수신 외장스피커 소니,"105,990원",,bellosmarket
D217527974,소니 알파,알파 아크릴물감 20ml 13T 아크릴물감 물감 벽화 포크아트 아크릭,"20,100원",,bellosmarket
C661870626,소니,소니 FE PZ16-35mm F4 G/SELP1635G/공식대리점 H,"1,723,000원",,hcinfo117
C701840101,소니,휴대용 소니 라디오 ICF-P36/파라소닉/RF-P50/FM/AM,"28,860원",후기평점 4점,(ipsuk)
A708117886,소니,소니 프로젝터 VPL-DX125 (2600안시/XGA/2500:1),"680,000원",,avbuy
B832154962,소니,소니 캠코더 HD(DCR-SX60) 교회강의용 / 스포츠 촬영용,"299,250원",,fineapple34244499
A642237631,소니,미니HDMI케이블 소니캠코더 TV연결 케이블 F3 A57,"5,900원",후기평점 4.8점,sellinstec
A608049539,소니,SBS-32G1A / SxS메모리 SBS-32G1에 약 1.5배 빠른속도 속도만큼빠른배송,"479,900원",후기평점 5점,snow4001
A598103760,소니,DCR-VX2100 (소니정품)-학교/교회/관공서/회사/개인/전문납품업체 사은품증정 중계용,"439,240원",,snow4001
C545900970,소니,PS4 사무라이의 길 외전 카타나카미 (한글판),"28,000원",후기평점 4.5점,gamesun
C927063958,소니 플레이스테이션5,소니 포스포큰(PS5) 한글판 새제품,"49,800원",,loginsoft
C467539740,소니,소니 FE 70-200mm F2.8 GM OSS II /SEL70200GM2 공식H,"3,799,000원",후기평점 5점,hcinfo117
B903443096,소니 액션캠,VCT-SGR1 브이로그 /슈팅그립 정품,"113,000원",,digitalplanet
C384424449,소니 플레이스테이션4,중고 PS4 플레이스테이션4 플스4 슬림 500G 국내게임기,"208,000원",후기평점 4점,goodbbt
A595813775,소니,DSR-PD170 (소니코리아정품) 방송장비 악세사리일체형/교회 관공서 학교 납품전문,"612,990원",후기평점 5점,snow4001
A756370858,소니,HXR-NX70N(소니코리아정품)[N] - 학교/교회/관공서/회사/개인/전문 납품업체 사은품증정/중계용,"1,890,000원",,snow4001
C652397681,소니,바디캡 렌즈뒷캡 국산 E마운트 소니,"4,740원",,vivatos
B218038123,소니,소니 정품 A5000 바디(렌즈 미포함) 미러리스 k,"228,000원",,mate0033
A680710973,소니,HVR-A1N [소니코리아정품/방송장비/악세사리일체형/중고상품/교회 관공서 학교 납품전문/빠른배송]중계용,"799,900원",,snow4001
A708510211,소니,[SONY] 소니 정품 LCD 프로젝터 VPL-EX281 (4000안시/XGA/3000:1/HDMI단자/램프타임7천시간/사은품증정),"2,090,000원",,avbuy
B425864560,소니,소니 DVM-63DM 6mm HDV 캠코더 마스터 테이프,"46,350원",,arangbyeol
B425864697,소니,소니 베타캠 SP BCT-60MLA 방송용 비디오 테이프,"45,900원",,arangbyeol
B425864759,소니,소니 DIGITAL D2M-64M 방송용 비디오 메탈테이프,"76,500원",,arangbyeol
C332215497,소니,소니 FE 50mm F2.5 G 렌즈 SEL50F25G 공식H,"891,500원",,hcinfo117
C543251106,소니,등산 낚시 소형 라디오 외장 스피커 FM AM 수신,"98,710원",,newparstr
C644526279,소니 알파,알파 매트 바니쉬 250ml 그림보조제 수업용 작품 미술 연관상품,"40,270원",,kissandhug
C644824832,소니 알파,알파색채 디자인 마카세트 12 미술수업카펜 학습용카 연관상품,"162,080원",,kissandhug
C644852411,소니 알파,알파색채 포스터칼라세트 학생용 (30mlX12) 학습용컬 연관상품,"72,340원",,kissandhug
C748927151,소니,소니 DIGITAL 녹화 테이프 D2M-64M,"85,800원",,dadmall2
C954119995,소니,소니 SEL2070G (FE20-70mm F4 G) 표준 줌렌즈 공식H,"1,946,000원",,hcinfo117
C956725695,소니,소니 6mm 미니 비디오카셋트 테이프 5매 소박스 - 카세트 테잎 카트리지 녹화테이프 캠코더,"25,660원",,happyraon
C957117858,소니,소니 메모리스틱 PRO-HG Duo 8GB SONY 메모리카드,"62,250원",,happyraon
A595878046,소니,HDR-FX1 [소니정품] - 학교/교회/관공서/회사/개인/전문 납품업체 사은품증정,"877,140원",,snow4001
C827107197,소니,BN 외장스피커 소니 ICF-19 휴대용 손잡이 라디오,"100,100원",,modendigital
C827091621,소니,등산 낚시 소형라디오 외장스피커 소니 ICF-19,"104,220원",,modendigital
C834821241,소니 플레이스테이션5,PS5 사무라이 메이든 (한글판),"55,000원",후기평점 3점,gamesun
C550182892,소니,PS4 기어 클럽 언리미티드 2 얼티메이트 에디션,"32,000원",,gamesun
C701835465,소니,휴대용 소니 라디오 ICF-P36/파라소닉/RF-P50/FM/AM,"25,740원",후기평점 3점,(ipsuk)
C485079001,소니 플레이스테이션4,중고PS4 프로 GTA5 플레이스테이션4 플스 PRO GTA V,"287,100원",후기평점 4.3점,goodbbt
C485080114,소니 플레이스테이션4,중고PS4 프로(몬헌) PRO 국내판 몬스터헌터 월드,"269,700원",후기평점 5점,goodbbt
A579716113,소니,[소니코리아 정품] SONY HXR-MC2000N (정품) 상담환영 02-2012-2098,"2,650,000원",,camnara0
B850070888,소니,소니하이엔드디카(DSC-RX100 II 메모리카드/삼각대포함,"387,200원",후기평점 5점,fineapple4499
C204015294,소니,FDR-AX700 정품 사은품 512GB+가방+필터증정,"2,631,450원",,yoongane74
C454161374,소니 플레이스테이션4,소니 PS4 Pro CUH-7218 B01 B02 1TB 국내판 랜덤 프로,"313,200원",후기평점 5점,goodbbt
C512919631,소니,소니 캠코더(HDR-CX450/64GB+가방패키지) /AV세상,"710,000원",,digitalav
C485073268,소니 플레이스테이션4,중고PS4 프로(데이즈곤) PRO 1TB 국내판 7천번대,"278,400원",,goodbbt
C512953184,소니,HDR-CX450 32G/소니U11가방/청소도구+융+전용필름외,"700,000원",,bsz2
C512960818,소니,HDR-CX450 256G/소니U11가방/청소도구+융+전용필름외,"750,000원",,bsz2
C580781504,소니,소니코리아정품 HDR-CX450 32G메모리+융/디지탈e세상,"680,000원",,bsz2
C580787653,소니,소니코리아정품 HDR-CX450 256G메모리+융/디지탈e세상,"730,000원",,bsz2
A801049603,소니,(라온N)HDR-FX1[병행수입/일본직수입] - 학교/교회/관공서/회사/개인/전문 납품업체/중계용/빠른배송,"726,250원",,snow4001
B844337545,소니,FDR-AX700 정품 사은품 512GB+가방+필터증정,"2,631,450원",,yoongane74
C332210643,소니,소니 FE 24mm F2.8 G 렌즈 SEL24F28G 공식H,"955,240원",,hcinfo117
C485077684,소니 플레이스테이션4,중고PS4 프로(라오어) PRO 라스트오브어스 리마스터드,"269,700원",,goodbbt
C485145186,소니 플레이스테이션4,중고 PS4 프로(용과같이극) 플레이스테이션4 플스 PRO,"278,400원",,goodbbt
C512955214,소니,HDR-CX450 64G/소니U11가방/청소도구+융+전용필름외,"710,000원",,bsz2
C512957023,소니,HDR-CX450 128G/소니U11가방/청소도구+융+전용필름외,"720,000원",,bsz2
C548879182,소니,소니 캠코더 Full-HD(HDR-CX450/128GB패키지) AV세상,"720,000원",,digitalav
C580783671,소니,소니코리아정품 HDR-CX450 64G메모리+융/디지탈e세상,"690,000원",,bsz2
C580785612,소니,소니코리아정품 HDR-CX450 128G메모리+융/디지탈e세상,"700,000원",,bsz2
C670792191,소니,FDR-AX43A 정품 AX43A+256GB+가방+융증정 4K캠코더,"1,700,000원",,yoongane74
C670796734,소니,FDR-AX43A 정품 AX43A+512GB+가방+융증정 4K캠코더,"1,763,350원",,yoongane74
D202911564,소니,소니 캠코더 Full-HD(HDR-CX450/단품) 재고보유 AV세상,"660,000원",,digitalav
A595858443,소니,DCR-VX2100 (소니정품)-학교/교회/관공서/회사/개인/전문 납품업체 사은품증정,"533,000원",,snow4001
A598098682,소니,PD150 (일본직수입 병행수입) 방송장비 빠른배송 사은품증정 중계용캠코더,"388,520원",후기평점 5점,snow4001
B649605616,소니,소니 NP-FW50호환배터리 / KC인증 / 당일출고,"18,000원",후기평점 3.5점,hydigital
B834048079,소니,소니 시계배터리 394 SR936SW 10개 시계약 건전지 연관상품,"31,520원",,idsmall
C870544263,소니,등산 낚시 소형라디오 외장스피커 소니 ICF-19,"149,690원",,cocotani
D207843455,소니,테잎 테이프 캠코더 카트리지 카세트저장 소니저장 비디오카셋트 미니 녹화테이프 6mm,"27,910원",,mpcom0923
D208210543,소니,테잎 캠코더 소니저장 비디오 방송용저장 메탈테이프 녹화테이프 공테이프 DIGITAL D2M64M,"88,090원",,mpcom0923
D208210805,소니,테잎 캠코더 소니저장 비디오테이프 베타캠저장 방송용 녹화테이프 공테이프 SP BCT60MLA,"53,140원",,mpcom0923
D208211095,소니,테잎 캠코더저장 소니저장 마스터테이프 녹화테이프 공테이프 HDV DVM63DM 6mm,"53,320원",,mpcom0923
D208350360,소니,테잎 테이프 카트리지 카세트 소박스 소니핀홀 비디오카셋트 미니핀홀 6mm 5매,"27,830원",,mpcom0923
D208836059,소니,테잎 캠코더 소니저장 녹화테이프저장 공테이프 DIGITAL D2M64M,"88,110원",,mpcom0923
D208836268,소니,테잎 캠코더 소니기타필름 베타캠기타필름 녹화테이프 공테이프 SP BCT60MLA,"53,160원",,mpcom0923
D208836521,소니,테잎 캠코더 소니기타필름 녹화테이프기타필름 공테이프 HDV DVM63DM 6mm,"53,450원",,mpcom0923
B543215765,소니,엑스페리아XZ2 케이스,"8,900원",후기평점 4.5점,hibernian
C696479866,소니,Sony WF-C500 Truly Wireless 블루투스 이어폰 세금포함/무료배송 연관상품,"71,820원",후기평점 4.8점,USAPANDA
B578818593,소니 공식 셀러,소니 WI-C400 블루투스 무선 이어폰 레드/헤드폰,"89,000원",후기평점 4.6점,mpnavi
B606016348,소니 엑스페리아Z3,소니 엑스페리아 XZ3 케이스,"8,900원",후기평점 5점,hibernian
C345221967,소니,(컴온탑)소니정품 FE 50mm F1.2 GM (정품/새상품),"2,541,360원",후기평점 5점,comeontop2
A698763114,소니,소니 2딘 블루투스 카AV XAV-712BT 한글지원 DVD지원,"540,000원",후기평점 5점,caraudio
B812250713,소니 공식 셀러,SF-M128/T2 SDXC M Class10 UHS-II U3 V60 128G메모리 /공식대리점,"116,700원",후기평점 4.5점,a1122517a
C840563634,소니,스테레오 유선 헤드셋 MDR-ZX110AP 블랙 폴딩형 헤드폰 핸즈프리 리모트 컨트롤 폐쇄형 다이내믹 헤드폰 연관상품,"22,800원",후기평점 5점,coardtb
A513063500,소니,[ 소니 dv900 + 클라리온 TB853W ] 50만원대 특가조합,"527,000원",,caraudio
A647741651,소니,DSR-PD170 (소니코리아정품) 중계용/방송장비 악세사리일체형/교회 관공서 학교 납품전문,"403,550원",,snow4001
C840546729,소니,스테레오 유선 헤드셋 MDR-ZX110AP 화이트 폴딩형 헤드폰 핸즈프리 리모트 컨트롤 폐쇄형 다이내믹 헤드폰 연관상품,"22,800원",후기평점 5점,coardtb
A696619758,소니,DSR-PD170 (소니코리아정품) 중계용/방송장비 악세사리일체형/교회 관공서 학교 납품전문,"439,430원",,snow4001
B277865785,소니,소니정품PMW-EX3 새제품 기업학원교회장비견적,"7,650,000원",후기평점 5점,swcameracokr
B361163053,소니,소니/HXR-NX5R/FULL HD/캠코더/카메라/방송국/견적,"3,530,000원",후기평점 4점,kks0933
B621309843,소니,소니 SONY 워크맨 스탠드 STD-NWU10,"25,200원",후기평점 5점,lottei1
B811807884,소니 공식 셀러,SF-M128/T2 SDXC UHS-II U3 128GB메모리 /공식대리점,"116,700원",후기평점 5점,a1122517a
C388142504,소니 핸디캠,HDR-CX405 정품 CX405 사은품 512GB+가방+청소킷증정,"521,660원",,yoongane74
C507083095,소니,FDR-AX43 정품 512GB+필터+융/4K캠코더/AX43,"1,812,950원",,yoongane74
A551404777,소니,소니코리아 정품 SONY HVR-V1N,"2,690,000원",,camnara0
A586241110,소니,소니정품NEX-FS100NK킷트학교방송교회중계스마일원우,"2,720,900원",,swcameracokr
B218426711,소니 RX100,소니정품DSC-RX100M4 가방메모리배터리삼각대세일,"855,000원",,swcameracokr
B239610398,소니,소니/프로젝터/VPL EX283/LG전자/엡손/삼성전자/캐논,"1,890,000원",,kks0933
B239611340,소니,소니/프로젝터/VPL EX283/LG전자/엡손/캐논/삼성전자,"1,890,000원",,kks0933
B239612306,소니,소니/프로젝터/VPL EX283/엡손/캐논/삼성전자/LG전자,"1,890,000원",,kks0933
B239613116,소니,소니/프로젝터/VPL EX283/엡손/삼성전자/캐논/LG전자,"1,890,000원",,kks0933
B239613646,소니,소니/프로젝터/VPL EX283/엡손/LG전자/삼성전자/캐논,"1,890,000원",,kks0933
B314314158,소니,소니카메라A7S2바디정품 견적 스마일원우,"2,565,000원",,swcameracokr
B373363290,소니,소니캠코더 HVR-Z7N테입메모리녹화장비견적스마일원우,"2,871,000원",,swcameracokr
B391662359,소니,소니캠코더NEX-FS100NK정품/방송장비스마일원우,"2,593,500원",,swcameracokr
C211264788,소니,FDR-AX700 정품 256GB+필터+융증정,"2,485,200원",,yoongane74
C299258215,소니 알파,알파 NEW 12색 아크릴물감 7.5ml 48세트박스판매,"319,500원",,missul
C495797038,소니,NW-ZX300 전용 보호필름 PRF-NWZX300,"18,300원",,lottei2
C506456622,소니,FDR-AX43 정품 512GB+필터+융/소니 4K캠코더/AX43,"1,825,000원",,yoongane74
C506490111,소니 핸디캠,FDR-AX43 정품 256GB+필터증정/4K 캠코더/AX43,"1,745,000원",,yoongane74
C506493849,소니,FDR-AX43 정품 128GB+필터증정/4K 캠코더/AX43,"1,684,800원",,yoongane74
C665352439,소니,소니 E 15mm F1.4 G 광각 렌즈 SEL15F14G/공식대리점 H,"1,060,000원",,hcinfo117
C670785691,소니,FDR-AX43A 정품 AX43A+128GB+가방+융증정 4K캠코더,"1,690,000원",,yoongane74
C859255670,소니,소니 비디오 카세트 공 테이프 6mm 미니 녹화 방송용,"62,370원",,hermers101
C866928624,소니,Ah 소니 라디오 ICF-306 FMAM 등산 낚시 캠핑 ICF-306 소니 소니,"88,700원",,wrizib
C867049833,소니,Ah 소니 빅사이즈 클래식 AM/FM 포터블 라디오 소니 소니,"135,150원",,wrizib
C867187279,소니,Ah 소니 고감도 휴대용 아날로그 라디오 캠핑 낚시 소니 소니,"66,420원",,wrizib
C867752222,소니,Ha 소니 6mm 미니 비디오카셋트 테이프 5매 소박스 - 카세트 테잎 카트리지 녹화테이프 캠코더 소니 소니,"33,810원",,wrizib
C868226521,소니,Ha 소니 6mm 카세트 미니 비디오카셋트 테이프 소니 소니,"33,900원",,wrizib
C937013974,소니,메모리스틱 스틱메모리카드 소니 PROHG Duo 16GB SONY,"93,060원",,dd0701
C963929131,소니 알파,알파 아크릴물감 12색 7.5mL,"18,300원",,ssgmall
C977333794,소니,테잎 소니 베타캠 녹화테이프 SP BCT60MLA,"47,880원",,yjoygoodshop
D208908204,소니 알파,코팅지150mic 알파 코팅기용 150MIC A3 (100매),"70,470원",,coralmarket
D212159367,소니 알파,코팅지 알파 코팅기용 150MIC A4 (100매),"38,610원",,coralmarket
A500660905,소니,소니정품 소니 Cybershot 삼각대(소니 Cybershot 삼각대),"14,000원",후기평점 4.8점,jongienaramall
C465009025,소니,소니 블루투스 스피커 (옐로우) 휴대용스피커 미니,"77,790원",,goitsmall
C465009866,소니,소니 블루투스 스피커 (그린) 휴대용스피커 미니,"77,790원",,goitsmall
C742023104,소니,소니 효도라디오 휴대용 소형 라디오 P26,"64,350원",,lgmfcyk123
C778664803,소니,소니 블루투스스피커 미니 소형 소니 스피커,"84,870원",,gooditsmall
B783370298,소니,소니정품 SF-M128/T2 SDXC UHS-II U3 Class10 4K 전용,"112,700원",후기평점 5점,bsz2
A652256073,소니,소니코리아수입정품 한글지원 XAV-712BT 블루투스,"540,000원",,caraudio
B903959573,소니 액션캠,VCT-AMP1 소니 액션 (모노포드 셀카봉) 정품,"20,900원",후기평점 5점,digitalplanet
C602405456,소니,소니SF-M128/T2/UHS-II U3 V60 128GB(정품) /AV세상,"112,700원",,digitalav
C644843713,소니,PS4 매치 포인트 테니스 챔피언십 (한글판),"50,000원",,gamesun
C729769097,소니,ps5 소울 해커즈 2 한글 새제품,"60,000원",,pynchian7
C896985654,소니,ps4 령 제로 누레가라스의 무녀,"68,900원",,theeasy12
C905000330,소니,ps4 플스4 닌자 가이덴 NINJA GAIDEN 마스터 컬렉션,"51,480원",,theeasy12
C909374727,소니 플레이스테이션5,PS5 원더보이 드래곤즈 트랩 (한글판),"34,000원",,gamesun
C917866463,소니,PS5 이블 웨스트 한글판 새제품,"59,000원",,pynchian7
A671698205,소니,소니 XAV-712bt 한글 미러링크 HDMI 지원 카오디오,"540,000원",후기평점 4.6점,caraudio
C211612799,소니,Sony MDR-1AM2/B Wired 오버 헤드 오디오 헤드폰 관세 부가세 포함/무료배송. 연관상품,"229,800원",후기평점 5점,USAPANDA
A908624327,소니,한글지원 소니 XAV-712BT 7인치 올인원 카오디오,"540,000원",,newsgcar2
A661983567,소니,한글지원 소니 XAV-712BT 115만화AV시스템 한글,"540,000원",후기평점 5점,caraudio
B323078185,소니,소니 XAV-712BT 막강기능 7인치 블루투스 카오디오 AV,"540,000원",후기평점 5점,caraudio
C733698387,소니,정품 소니 SRS-XB40 핸드폰 블루투스 스피커 오디오 충전기 AC-E9522M/AC 전원 어댑터,"26,040원",,dysonwei
B814775765,소니,UWP-D26 무선마이크/AA배터리8알증정/UWP-D16후속모델,"980,000원",,bsz2
B640861353,소니,소니 정품 미러리스용 렌즈 Vario-Tessar T E 16-70mm F4 ZA OSS,"1,504,000원",,cjmall0
C343013329,소니,소니사이버샷 DSC-W830 32GB카메라메모리카드,"19,270원",후기평점 4점,gytech
C455809671,소니,UWP-D26 정품 무선마이크/수신기세트,"980,000원",,yoongane74
C735234564,소니,소니 NP-F770 정품 배터리,"74,160원",,dysonwei
C735342916,소니,정품 소니 NP-BN1 배터리DSC-W710/W730/W810/W830 TX55 WX100디지털 카메라,"20,580원",,dysonwei
C735363843,소니,소니 NP-FM500H 정품 배터리 A77M2 A99M2,"52,770원",후기평점 5점,dysonwei
B640862137,소니,소니정품 DSLT 렌즈 135mm F2.8 SAL135F28,"1,786,000원",후기평점 5점,cjmall0
B829479618,소니,소니 방수코더(HDR-GW77) 수영장/워터파크용 32GB무료,"491,040원",,fineapple34244499
C523987759,소니,UWP-D26 무선마이크 수신기1EA+송신기1EA+플러그온1EA,"980,000원",,yoongane74
C735110586,소니,정품 소니 카메라 USB 충전기 UCH20 기프트팩 AC 전원 어댑터 벌크제품,"17,900원",,dysonwei
C735116844,소니,정품 소니 BC-VM10 NP-FM500H 배터리 충전기 벌크제품,"33,860원",,dysonwei
C735314154,소니,소니 정품 NP-BX1 배터리 ZV-1 RX100M7 M6 WX800,"51,840원",,dysonwei
C735358428,소니,소니 디지털 카메라 NP-BD1 정품 배터리NP-FD1,"21,110원",후기평점 5점,dysonwei
C736270530,소니,소니 정품 BC-VW1 NP-FW50 배터리 충전기 벌크제품 NEX-5F3A5100 A6300 A6000 A7SA7R,"36,270원",,dysonwei
C736297122,소니,정품 소니 카메라 AC-UB10C 충전기/벌크제품,"21,650원",,dysonwei
C736352854,소니,정품 SONY BC-CSN NP-BN1 배터리 충전기/벌크제품,"28,590원",,dysonwei
C792578863,소니 알파,알파 TONY 오픈카드 갤럭시노트20/노트20울트라 범퍼케이스 (N981 N986),"12,600원",후기평점 4점,lottei1
A912187301,소니,소니정품NEX-FS700NK렌즈킷트 4K 업그레이드제품,"5,464,800원",,swcameracokr
A974313401,소니,소니코리아 정품 SONY PXW-X160 납품/견적환영,"5,116,040원",,camnara0
B208948682,소니,소니 정품 SONY HXR-NX3 방송용캠코더,"3,366,280원",,camnara0
B249494333,소니,소니 정품 SONY PXW-X160 납품/견적환영,"5,116,010원",,camnara0
B280705870,소니,소니캠코더NEX-FS100NK렌즈교환식견적 스마일원우,"2,743,500원",,swcameracokr
B370793185,소니,소니캠코더NEX-FS100NK정품 유튜브견적 스마일원우,"2,780,700원",,swcameracokr
B500245092,소니,소니 하이레졸루션 워크맨 MP3 NW-ZX2/128GB 메모리,"2,200,000원",,kknok0219
B640862090,소니,소니정품 DSLT 렌즈 20mm F2.8 SAL20F28 A마운트,"1,024,600원",,cjmall0
B666766678,소니,스마트 블루투스V2000이어폰 헤드셋V1000 소니헤드폰,"149,000원",,estore1
B814824413,소니,UWP-D26 무선마이크/소니코리아정품/AA배터리8알 증정,"980,000원",,bsz2
B888058665,소니,소니캠코더 Full-HD(HDR-SR12) 내장120GB/장시간촬영용,"883,200원",,fineapple4499
C278602396,소니 알파,(현대Hmall)Samantha 아이폰XS(X공용)/XR/XS MAX 다이어리케이스,"19,000원",,hmall01
C278607042,소니 알파,(현대Hmall)Samantha LG V50 다이어리케이스,"19,000원",,hmall01
C278612333,소니 알파,(현대Hmall)Samantha 갤럭시S10 5G 다이어리케이스,"19,000원",,hmall01
C278616818,소니 알파,(현대Hmall)Samantha 갤럭시노트8 다이어리케이스,"19,000원",,hmall01
C278626618,소니 알파,(현대Hmall)Samantha 갤럭시S20/S20플러스/S20울트라 다이어리케이스,"19,000원",,hmall01
C278639232,소니 알파,(현대Hmall)Samantha 갤럭시S9/S9플러스 다이어리케이스,"19,000원",,hmall01
C278639548,소니 알파,(현대Hmall)Samantha 아이폰11/11프로/11프로 맥스 다이어리케이스,"19,000원",,hmall01
C278675230,소니 알파,(현대Hmall)Samantha 갤럭시S10e/S10/S10플러스 다이어리케이스,"19,000원",,hmall01
C295287192,소니 알파,(현대Hmall)Samantha 갤럭시S4/S5/S6/S6엣지 다이어리케이스,"19,000원",,hmall01
C295287274,소니 알파,(현대Hmall)Samantha 갤럭시A3/A5/A7-2017년형 다이어리케이스,"19,000원",,hmall01
C295327286,소니 알파,(현대Hmall)Samantha 갤럭시J3/J5/J7-2016년형 다이어리케이스,"19,000원",,hmall01
C295333240,소니 알파,(현대Hmall)Samantha 갤럭시노트8 다이어리케이스,"19,000원",,hmall01
C295338806,소니 알파,(현대Hmall)Samantha LG V20/LG G5/LG G6 다이어리케이스,"19,000원",,hmall01
C295340773,소니 알파,(현대Hmall)Samantha 갤럭시그랜드맥스/노트3/노트4/노트5 다이어리케이스,"19,000원",,hmall01
C304526186,소니,1위블루투스헤드셋V1000헤드폰소니 보다우수 오늘특가,"119,000원",,estore1
C304527775,소니,1위블루투스헤드셋헤드폰V1000이어폰소니 보다우수특가,"129,000원",,estore1
C343012075,소니,소니사이버샷 DSC-W810 32GB카메라메모리카드,"19,270원",,gytech
C506455360,소니,FDR-AX43 정품 128GB+필터증정/소니 4K캠코더/AX43,"1,744,400원",,yoongane74
C506473433,소니,FDR-AX43 정품 UV필터+융증정 디지탈4K 캠코더/AX43,"1,700,000원",,yoongane74
C630881348,소니,(라온) 소니 UWP-D27 무선 마이크 / 2채널 송수신기,"2,349,300원",,snow4001
C635566184,소니,소니 E 11mm F1.8/SEL11F18/공식대리점 H,"769,000원",,hcinfo117
C644965185,소니,(소니) 헤드폰 MDR-ZX110AP 색상랜덤 학생 외출 소장 연관상품,"33,870원",,sksdlwkfk04
C707162531,소니,UWP-D26 정품 무선마이크/수신기세트 수신기 1EA 송신기 1EA 플러그온송신기 1EA,"980,000원",,yoongane74
C733685879,소니,정품 소니 BC-TRW/NP-FW50배터리충전기/ZVE10/A6000/A5100/A6300/A6400/A7M2/A7S2/벌크상품 BC-TRW,"45,570원",,dysonwei
C733696610,소니,정품 소니 AC-UES1230 인터랙티브 전원어댑터/캠코더/모니터/MCX-500/D70P/D100/PMW-EX1R/FS5충전기12V3A,"54,870원",,dysonwei
C735103099,소니,정품 소니 충전기 USB 충전기 세트 AC-UD10 전원 어댑터 벌크제품,"17,370원",,dysonwei
C735250911,소니,소니 NP-F970 정품 배터리 카메라 리튬 배터리,"211,110원",,dysonwei
C735348746,소니,소니 여행용 DC 충전기 배터리 키트 BC-DCX2 + NP-BX1정품 배터리 충전기/ 벌크 제품,"80,770원",,dysonwei
C736225576,소니,정품 소니 BC-DCX2 NP-BX1 여행용 충전기 벌크제품,"40,220원",,dysonwei
C736232354,소니,정품 소니 BC-U1 충전기 AC 전원 어댑터 벌크제품,"130,840원",,dysonwei
C736244519,소니,정품 소니 카메라 C타입 USB3.0 케이블 A7M4A7S3 A7R3 A7C 전용 Type-C,"18,580원",,dysonwei
C736253205,소니,소니 NP-FH50 정품 배터리 HX1 HX100 A230 A330 A290 A390 HX200,"44,360원",,dysonwei
C736259504,소니,정품 소니 NP-BD1/FD1 BC-CSD 충전기 NP-FT1 FR1 DSC-T2/T20/T70/T77/T90 디지털카메라 충전기/벌크제품,"28,590원",,dysonwei
C736275807,소니,정품 소니 블루투스 이어폰 충전기 세트 20cm 케이블,"21,110원",,dysonwei
C736280164,소니,소니 정품 NP-FZ100 전용 배터리,"118,570원",,dysonwei
C736283820,소니,정품 소니 카메라 USB연장선 충전기 AXP35 AX40 PJ350,"20,040원",,dysonwei
C736315880,소니,정품 소니 NP-FV50 배터리,"32,080원",,dysonwei
C736321492,소니,소니 정품 BP-U30 배터리,"132,060원",,dysonwei
C736334512,소니,소니 정품 BP-U35 배터리 BP-U30,"158,100원",,dysonwei
C736347126,소니,소니 정품 BP-U90 배터리,"316,200원",,dysonwei
C777804713,소니,소니 6mm 미니 비디오카셋트 테이프 5매 소박스 - 카세트 테잎 카트리지 녹화테이프 캠코더,"32,380원",,mkjose93
C792578562,소니 알파,알파 Samantha 갤럭시S22/S22플러스/S22울트라 다이어리케이스 (S901 S,"19,320원",,lottei1
C792578739,소니 알파,알파 레인보우 카드포켓 갤럭시S10/S10플러스/S10 5G 범퍼케이스 (G973 G9,"23,000원",,lottei1
C792578741,소니 알파,알파 레인보우 카드포켓 갤럭시S20Fe 범퍼케이스 (G781),"23,000원",,lottei1
C792578745,소니 알파,알파 레인보우 카드포켓 갤럭시S20/S20플러스/S20울트라 범퍼케이스 (G981 G9,"23,000원",,lottei1
C792578748,소니 알파,알파 레인보우 카드포켓 갤럭시S22/S22플러스/S22울트라 범퍼케이스 (S901 S9,"23,000원",,lottei1
C792578749,소니 알파,알파 레인보우 카드포켓 갤럭시노트10/노트10플러스 범퍼케이스 (N971 N976),"23,000원",,lottei1
C792578751,소니 알파,알파 레인보우 카드포켓 갤럭시S21/S21플러스/S21울트라 범퍼케이스 (G991 G9,"23,000원",,lottei1
C792578759,소니 알파,알파 레인보우 카드포켓 아이폰7(8 SE2 SE3 공용)/XS(X 공용) 범퍼케이스 (,"23,000원",,lottei1
C792578765,소니 알파,알파 레인보우 카드포켓 갤럭시노트20/노트20울트라 범퍼케이스 (N981 N986),"23,000원",,lottei1
C792578773,소니 알파,알파 레인보우 카드포켓 아이폰13미니/13/13 프로/13 프로맥스 범퍼케이스 (iPh,"23,000원",,lottei1
C792578774,소니 알파,알파 레인보우 카드포켓 아이폰12미니/12/12 프로/12 프로맥스 범퍼케이스 (iPh,"23,000원",,lottei1
C792578780,소니 알파,알파 레인보우 카드포켓 아이폰11/11 프로/11 프로맥스 범퍼케이스 (iPhone11,"23,000원",,lottei1
C792578841,소니 알파,알파 TONY 오픈카드 갤럭시S10e/S10/S10플러스/S10 5G 범퍼케이스 (G9,"13,800원",,lottei1
C792578845,소니 알파,알파 TONY 오픈카드 갤럭시S9/S9플러스 범퍼케이스 (G960 G965),"13,800원",,lottei1
C792578847,소니 알파,알파 TONY 오픈카드 갤럭시S20/S20플러스/S20울트라 범퍼케이스 (G981 G9,"13,800원",,lottei1
C792578852,소니 알파,알파 TONY 오픈카드 갤럭시S22/S22플러스/S22울트라 범퍼케이스 (S901 S9,"13,800원",,lottei1
C792578857,소니 알파,알파 TONY 오픈카드 갤럭시노트10/노트10플러스 범퍼케이스 (N971 N976),"13,800원",,lottei1
C792578859,소니 알파,알파 TONY 오픈카드 아이폰6(7/8 공용)/SE2(SE3 공용) 범퍼케이스 (iPh,"13,800원",,lottei1
C792578860,소니 알파,알파 TONY 오픈카드 LG G8 범퍼케이스 (LM-G820),"13,800원",,lottei1
C792578861,소니 알파,알파 TONY 오픈카드 아이폰11/11프로/11 프로맥스 범퍼케이스 (iPhone11/,"13,800원",,lottei1
C792578862,소니 알파,알파 TONY 오픈카드 아이폰XS/XR/XS 맥스 범퍼케이스 (iPhoneXS/XR/X,"13,800원",,lottei1
C792578866,소니 알파,알파 TONY 오픈카드 아이폰12미니/12(12프로 공용)/12 프로맥스 범퍼케이스 (,"13,800원",,lottei1
C792578875,소니 알파,알파 TONY 오픈카드 갤럭시S21/S21플러스/S21울트라 범퍼케이스 (G991 G9,"13,800원",,lottei1
C792578879,소니 알파,알파 TONY 오픈카드 갤럭시노트8/노트9 범퍼케이스 (N950 N960),"13,800원",,lottei1
C792578886,소니 알파,알파 TONY 오픈카드 아이폰13미니/13/13프로//13 프로맥스 범퍼케이스 (iPh,"13,800원",,lottei1
C792579954,소니 알파,알파 레인보우 카드포켓 아이폰14/14플러스/14프로/14프로맥스 범퍼케이스 (iPho,"23,000원",,lottei1
C916516672,소니,Sony 소니 사운드바 Ht S400 2.1 채널 강력한 무선 서브우퍼 X 밸런스드 스피커 기술 블 Hrt1,"516,830원",,kebition
C916522303,소니,Sony 소니 단렌즈 줌렌즈 Sal1855 A 마운트 디지털 카메라 렌즈 Hrt8,"145,680원",,kebition
C916553206,소니,Sony 소니 사운드바 Ht A7000 7.12 채널 서라운드 사운드 Dolby Atmos 프리미엄 통합 서 Hrt8,"2,626,020원",,kebition
C916893127,소니,Sony 소니 캠코더 Hdr Cx240E Hd 플래시 Hrt0,"528,740원",,kebition
C916959759,소니,Sony 소니 단렌즈 줌렌즈 Sel 1224G G 초광각 줌 렌즈 12 24Mm F4 Oss 풀 포맷 A7 A6000 Hrt6,"4,120,350원",,kebition
C916980578,소니,Sony 소니 단렌즈 줌렌즈 Sel P18105G G 파워 줌 렌즈 Hrt2,"1,053,990원",,kebition
C917002008,소니,Sony 소니 사운드바 Ht A3000 3.1 채널 Dolby Atmos + Sa Rs3S 3D 사운드 360 서라운드 Hrt5,"2,136,620원",,kebition
C917267112,소니,Sony 소니 블루투스이어폰 Wi C300 무선 귀 이어폰 넥밴드 디자인 블루투스 Nfc 헤드셋 Hrt8,"89,310원",,kebition
C917299324,소니,Sony 소니 단렌즈 줌렌즈 Sel 24105G G 표준 줌 렌즈 Hrt2,"2,075,540원",,kebition
C917321615,소니,Sony 소니 캠코더 Hdr Cx625 Hrt0,"972,190원",,kebition
C917549230,소니,Sony 소니 단렌즈 줌렌즈 Sel 18200Le 18 200Mm F3.5 6.3 고배율 줌 렌즈 Hrt3,"1,501,140원",,kebition
C917648079,소니,Sony 소니 단렌즈 줌렌즈 철 135Mm F 1.8 Gm 풀 프레임 초망원 렌즈 세로 Sel135F18Gm Hrt7,"3,821,690원",,kebition
C917765500,소니,Sony 소니 단렌즈 줌렌즈 Sel 2470Gm G 마스터 줌 렌즈 Hrt4,"3,775,720원",,kebition
C918108200,소니 알파,Alfa 알파 일반 제봉틀 재봉틀 화이트 Hrt5,"614,360원",,toribona
C918147693,소니,Sony 소니 단렌즈 줌렌즈 Sel 1655G 광각 줌 렌즈 16 55Mm F2.8 Aps C A6600 A6500 Hrt3,"2,300,520원",,toribona
C918153814,소니,Sony 소니 블루투스 스피커 Srs Nb10 무선 넥 내장 마이크 경량 핸즈프리 기능 다중 Hrt9,"247,000원",,toribona
C918156718,소니,Sony 소니 사운드바 Ht A5000 5.12 채널 Dolby Atmos + Sa Sw3 3D 사운드 컴팩트 서브우 Hrt4,"3,285,420원",,toribona
C918174695,소니,Sony 소니 헤드폰 Mdr As400 스포츠 애플 기기 화이트 Hrt1,"179,020원",,toribona
C918226472,소니,Sony 소니 사운드바 Xr 65A95K P Bravia 65인치 Tv 티타늄 블랙 + Ht X8500 2.1 채널 Hrt4,"7,466,950원",,toribona
C918239775,소니,Sony 소니 단렌즈 줌렌즈 Selp18200 Alpha Nex 시리즈 파워 줌 렌즈 18 200Mm F3.5 6.3 Hrt4,"2,397,240원",,toribona
C918243751,소니,Sony 소니 블루투스 헤드폰 Wh 1000Xm4 무선 노이즈 캔슬링 30H 배터리 터치 센서 고속 Hrt9,"933,440원",,toribona
C918265752,소니,Sony 소니 단렌즈 줌렌즈 Sel 70350G 텔레 줌 렌즈 70 350Mm F4.5 6.3 Oss Aps C A6600 Hrt4,"1,571,430원",,toribona
C918284985,소니,Sony 소니 캠코더 Hdr Cx240E Hd 플래시 Hrt1,"579,810원",,toribona
C918285357,소니,Sony 소니 단렌즈 줌렌즈 Sel P18105G G 파워 줌 렌즈 Hrt1,"1,022,360원",,toribona
C918312478,소니,Sony 소니 사운드바 Ht A3000 3.1 채널 Dolby Atmos + Sa Rs5 3D 사운드 360 서라운드 Hrt6,"3,515,110원",,toribona
C918359944,소니,Sony 소니 단렌즈 줌렌즈 Sel 50F18 세로 렌즈 Hrt7,"651,100원",,toribona
C918371315,소니,Sony 소니 하이파이 헤드폰 Mdr Zx110Na 오버헤드 노이즈 캔슬링 블랙 Hrt1,"131,860원",,toribona
C918422633,소니,Sony 소니 단렌즈 줌렌즈 Sel 85F18 세로 렌즈 Hrt5,"1,174,940원",,toribona
C918443012,소니,Sony 소니 블루투스 스피커 Srs Xe200 휴대용 무선 와이드 사운드 운반 스트랩 방수 Hrt0,"260,520원",,toribona
C918790313,소니,Sony 소니 사운드바 Xr 65X95K P Bravia 65인치 Tv 티타늄 실버 + Ht X8500 2.1 채널 Hrt5,"9,029,270원",,toribona
C918898934,소니,Sony 소니 블루투스 스피커 Srs Ra3000 프리미엄 멀티룸 지원실 필링 사운드 360 Hrt1,"561,380원",,toribona
C918928721,소니,Sony 소니 사운드바 Ht A5000 5.12 채널 Dolby Atmos + Sa Rs3S 3D 사운드 360 서라운드 Hrt2,"2,731,650원",,toribona
C918972558,소니,Sony 소니 단렌즈 줌렌즈 Sal 35F14G 고정 초점 거리 35Mm F1.4 렌즈 Aps C 55Mm 필터 Hrt0,"1,583,840원",,toribona
C918985783,소니,Sony 소니 단렌즈 줌렌즈 Sel 70200G G 망원 줌 렌즈 70Mm 200Mm F4 Oss 풀 포맷 A7 Hrt0,"2,446,800원",,toribona
C919002025,소니,Sony 소니 헤드폰 Mdr Zx310L 라이프스타일 Blue Amazon Basics 스피커 케이블 금도금 Hrt3,"117,440원",,toribona
C919006934,소니,Sony 소니 단렌즈 줌렌즈 Sel 35F14Gm 풀 포맷 E 마운트 렌즈 Fe 35Mm F1.4 Gm 프리미엄 Hrt3,"3,448,820원",,toribona
C919667902,소니,Sony 소니 헤드폰 Mdr7506 전문가용 대형 다이어프램 및 소프트 케이스 Hrt0,"294,360원",,eurojumpup
C919922677,소니,Sony 소니 블루투스 스피커 Srs Ns7 Immersive 목 Dolby Atmos 송신기 블랙 Srsns7Bce7 Hrt0,"603,040원",,eurojumpup
C919955298,소니,Sony 소니 단렌즈 줌렌즈 Sel 1635Gm G Master 광각 줌 렌즈 Hrt1,"4,740,910원",,eurojumpup
C920027738,소니,Sony 소니 단렌즈 줌렌즈 Steadyshot Sel1670Z 포함 16 70Mm E 마운트 칼 자이스 렌즈 Hrt3,"1,502,850원",,eurojumpup
C920531034,소니,Sony 소니 단렌즈 줌렌즈 Sel P18110G G 파워 줌 렌즈 18 110Mm F4 Oss Aps C A6000 Hrt3,"6,578,760원",,eurojumpup
C920583823,소니,Sony 소니 단렌즈 줌렌즈 Sel 1224Gm G Master 초광각 줌 렌즈 12 24Mm F2.8 풀 포맷 블 Hrt7,"13,354,270원",,eurojumpup
C920626269,소니,Sony 소니 단렌즈 줌렌즈 Sel135F18Gm G 마스터 렌즈 135Mm F1.8 풀 포맷 고정 초점 Hrt9,"4,350,130원",,eurojumpup
C920626603,소니,Sony 소니 사운드바 Ht G700 3.1 채널 돌비 애트모스 서라운드 사운드 블루투스 무선 서 Hrt9,"730,500원",,eurojumpup
C920711273,소니,Sony 소니 단렌즈 줌렌즈 Sel 200600G G 슈퍼 망원 줌 렌즈 200 600Mm F5.6 6.3 풀 포맷 Hrt8,"3,821,690원",,eurojumpup
C920741299,소니,Sony 소니 블루투스 헤드폰 무선 노이즈 캔슬링 Extra Bass 최대 30시간의 배터리 수명 Hrt9,"375,360원",,eurojumpup
C920781615,소니 알파,Alfa 알파 일반 제봉틀 Zart01 전기 재봉틀 Hrt9,"1,593,050원",,eurojumpup
C920870960,소니,Sony 소니 단렌즈 줌렌즈 Fe 12 24Mm F2.8 G 마스터 풀 프레임 고정 조리개 초광각 줌 Hrt6,"8,521,240원",,eurojumpup
C920890922,소니,Sony 소니 단렌즈 줌렌즈 Sel20F28 Alpha Nex 시리즈 렌즈 20Mm 광각 F2.8 Hrt1,"719,990원",,eurojumpup
C920891296,소니,Sony 소니 캠코더 Hdr Cx450 Full Hd 26.8Mm 광각 Carl Zeiss Vario Tessar 렌즈 30X 줌 Hrt8,"869,060원",,eurojumpup
C921335270,소니,Sony 소니 단렌즈 줌렌즈 Sel14F18Gm 풀 포맷 Fe 14Mm F1.8 Lyr0,"2,643,930원",,koreafirst
C921365035,소니,Sony 소니 단렌즈 줌렌즈 Sel 1224G G 초광각 줌 렌즈 12 24Mm Lyr5,"3,079,020원",,koreafirst
C921479152,소니,Sony 소니 단렌즈 줌렌즈 Selp1650 표준 줌 렌즈 16 50Mm Lyr0,"462,650원",,koreafirst
C921574021,소니,Sony 소니 단렌즈 줌렌즈 Selc1635G 풀 프레임 줌 렌즈 Fe C 16 Lyr9,"9,969,280원",,koreafirst
C921575462,소니,Sony 소니 단렌즈 줌렌즈 Sel90M28G Fe 90Mm F2.8 G Oss Lyr8,"1,897,750원",,koreafirst
C921635580,소니,Sony 소니 블루투스 헤드폰 Wh Xb910N 무선 노이즈 캔슬링 엑스트라 Lyr7,"356,200원",,koreafirst
C921654763,소니,Sony 소니 사운드바 Ht S40R 5.1 채널 유선 서브우퍼 포함 무선 후면 Lyr2,"1,165,350원",,koreafirst
C921682699,소니,Sony 소니 카메라 렌즈 접사링 Sel 057Fec 변환 Sel28F20용 Lyr0,"512,620원",,koreafirst
C921718488,소니,Sony 소니 캠코더 Fdr Ax700 4K Hdr 울트라 Hd Lyr6,"3,096,680원",,koreafirst
C921729284,소니,Sony 소니 블루투스 스피커 Srs Xg300 휴대용 무선 강력한 파티 사운드 Lyr7,"421,310원",,koreafirst
C921770812,소니,Sony 소니 단렌즈 줌렌즈 Sel30M35 E30Mm F3.5 E 마운트 Lyr2,"460,410원",,koreafirst
C921774567,소니,Sony 소니 블루투스 헤드폰 Mdr Rf895Rk 무선 잡음 제거 최대 Lyr8,"176,110원",,koreafirst
C921815593,소니,Sony 소니 블루투스 스피커 Srs Xb13 소형 견고한 방수 여분의 베이스 Lyr2,"106,920원",,koreafirst
C921816272,소니,Sony 소니 캠코더 Hdr Cx405 풀 Hd Full Lyr7,"541,720원",,koreafirst
C921884148,소니,Sony 소니 캠코더 Pxw Z90 메모리 카드 슬롯 Memory Lyr8,"6,010,270원",,koreafirst
C921896471,소니,Sony 소니 블루투스 스피커 Srs Xb13 소형 견고한 방수 여분의 저음 Lyr4,"122,350원",,koreafirst
C921914877,소니,Sony 소니 단렌즈 줌렌즈 Sal 2470Z2 카메라 렌즈 Vario Lyr7,"2,622,000원",,koreafirst
C921970730,소니,Sony 소니 단렌즈 줌렌즈 Fe 70 200Mm F 2.8Gm Oss 풀 포맷 Lyr8,"7,701,440원",,koreafirst
C921988738,소니 알파,Alfa 알파 일반 제봉틀 다음 30 재봉틀 Next Sewing Lyr1,"476,810원",,koreafirst
C922065726,소니,Sony 소니 블루투스 헤드폰 Wh 1000Xm5 무선 소음 차단 30H 배터리 Lyr4,"677,180원",,koreafirst
C922148689,소니,Sony 소니 블루투스이어폰 Wf 1000Xm4 진정한 무선 노이즈 캔슬링 Lyr2,"386,570원",,koreafirst
A595797213,소니,DSR-PD150(정품) 교회/학교/관공서 방송장비 납품전문,"280,600원",후기평점 5점,snow4001
C438095973,소니,블루투스 헤드셋 무선헤드폰 실버 재택 온라인수업,"527,800원",,premb
C916114601,소니,소니 블루투스 컴포넌트 오디오 2채널 무선 스피커 CD플레이어 USB MP3 플레이어 라디오 CMT-SBT20 연관상품,"179,000원",,hansungdigital
C405013612,소니,소니 블루투스 스피커 SRS-XP500,"557,550원",,hibridgemall
C438095781,소니,무선 블루투스 헤드셋 블루 이어폰 노이즈캔슬링 선물,"109,800원",,premb
C438095883,소니,무선 블루투스 헤드셋 블랙 이어폰 노이즈캔슬링 선물,"137,800원",,premb
A598987883,소니,SBS-32G1A / SxS메모리 SBS-32G1에 약 1.5배 빠른속도 속도만큼빠른배송,"480,000원",,snow4001
C438096046,소니,블루투스 헤드셋 무선헤드폰 블랙 재택 온라인수업,"527,800원",,premb
C438264296,소니,블루투스 무선이어폰 블랙 이어셋 운동통화 선물추천,"197,800원",,premb
C438265525,소니,라디오 ICF-306 FM AM 등산 낚시 캠핑 선물 추천,"49,600원",,premb
C438972463,소니,소니 보이스레코더 소형 휴대용 음성녹음기 선물추천,"89,400원",,premb
C446397814,소니,아날로그 휴대용 라디오 ICF-P36 캠핑 등산 추천,"51,600원",,premb
C534774997,소니 알파,12색 B A 알파 브러쉬마카 칼라 디자인마카 펜 마커,"42,760원",,pvq4
C775472456,소니,소니 6mm 미니 비디오 카셋트 테이프 5매 소 박스 영상 촬영 용품 카세트 카트리지 녹화,"27,420원",,rcnfbr0
C916448593,소니,소니 노이즈캔슬링 무선 헤드폰 WH-XB910N-블루,"283,610원",,hibridgemall
A671602324,소니,소니 XAV-712bt 7인치 AV 미러링크 MHL-HDMI,"540,000원",후기평점 5점,caraudio
A550118023,소니,소니 카AV XAV-712BT 7인치 한글지원 올인원 DVD,"540,000원",후기평점 4.5점,caraudio
C584183452,소니 플레이스테이션4 공식 셀러,PS4 몽키킹 영웅의귀환 (한글판) 우체국택배,"6,900원",후기평점 4.7점,ttgame
B289707039,소니,16V 2.5A 40W 소니노트북전용PCGA-AC16V2 국산어댑터,"13,000원",후기평점 4.5점,loaduscom
A629698436,소니,소니 XAV-712BT 한글지원 7인치 AV 시스템 카오디오,"540,000원",후기평점 4.6점,caraudio
A564283341,소니,소니 XAV-712BT와 아틀란3D + DMB 셋업박스 셋트,"949,000원",후기평점 4.9점,caraudio
B811808849,소니 공식 셀러,SF-M128/T2 SDXC UHS-II U3 128GB메모리 /공식대리점,"113,700원",후기평점 5점,a1122517a
A600000211,소니,16V 2.8A 소니노트북 국산어댑터VGP-AC16V11 호환,"13,000원",,loaduscom
A667296527,소니,소니 7인치 카AV 블루투스 XAV-712BT 막강기능 탑재,"540,000원",후기평점 5점,audiocar
B435585111,소니,Sony SRS-X88/SRS-ZR7 Bluetooth전용19.5V국산어댑터,"13,000원",후기평점 2점,loaduscom
B289698544,소니,16V 1.9A 소니노트북Sony VGP-AC16V15 국산어댑터,"13,000원",후기평점 5점,loaduscom
B435584693,소니,Sony SRS-ZR7 Wi-Fi/Bluetooth전용19.5V국산어댑터,"13,000원",,loaduscom
C966114800,소니 플레이스테이션5,PS5 옥토패스 트래블러 2 컬렉터즈 에디션 (한글판) / 한정판,"177,300원",,gamesun
B881288084,소니,소니 캠코더 (HDR-XR520) 교회 목사님설교용 / 패키지,"895,500원",,fineapple4499
C966118002,소니 플레이스테이션4,PS4 옥토패스 트래블러 2 컬렉터즈 에디션 (한글판) / 한정판,"177,300원",,gamesun
B289699768,소니,Sony Vaio notebook VGP-AC16V15 16V 1.9A Adapter,"13,000원",,loaduscom
B435577257,소니,Sony SRS-X88 Bluetooth Portable전용19.5V국산어댑터,"13,000원",,loaduscom
B812251647,소니 공식 셀러,SF-M128/T2 SDXC M Class10 UHS-II U3 V60 128G메모리 /공식대리점,"113,700원",,a1122517a
B883309192,소니,소니 캠코더 (HDR-SR10) 작업현장 타워크레인 촬영가능,"691,600원",,fineapple4499
C476425192,소니 플레이스테이션5,PS5 에이리언 파이어팀 엘리트 한글판 새제품,"40,650원",,loginsoft
C587129270,소니,소니Sony노트북VGP-AC16V11 호환 16V 2.8A국산어댑터,"13,000원",,loaduscom
C587130071,소니,소니VAIO G/SRX/T/TR/U/UX/VX/X505 시리즈 16V어댑터,"13,000원",,loaduscom
C587130580,소니,소니노트북PCGA-AC16V4호환16V 2.7A/2.8A 국산어댑터,"13,000원",,loadus0623
C587131250,소니,소니노트북PCGA-AC16V2/PCGA-AC5N호환16V 어댑터,"13,000원",,loaduscom
C587131925,소니,소니노트북VGP-AC16V7 100112-2 호환16V 어댑터,"13,000원",,loaduscom
C587132422,소니,소니노트북Sony VAIO UX 시리즈용 16V 어댑터,"13,000원",,loaduscom
C905977634,소니 알파,사무기기 알파 코팅기용 코팅지 100MIC A3 (100매),"44,460원",,mior
C909542477,소니 알파,알파 단면 손코팅지 100MIC A4 100매 코팅필름,"23,310원",,mior
C917977975,소니,소니 6mm 미니 비디오카셋트 테이프 5매 소박스,"24,480원",,plutuslc
C930817403,소니,소니 블루투스 스피커 SRS-XP500/지민몰,"440,000원",,queen8007
C931306317,소니 알파,알파 제본표지 B5 100매 (PP사선 투명 0.5mm),"21,790원",,fannyinter
C962430802,소니 알파,알파 제본표지 B5 100매 (PP사선 투명 0.5mm),"23,760원",,bebas
C965495697,소니,등산 낚시 소형라디오 외장스피커 고급 다용도,"108,630원",,slmk2
C965499788,소니,미니 비디오카셋트 테이프 6mm 5매 고급 다용도,"25,540원",,slmk2
C966054114,소니,등산 낚시 소형라디오 외장스피커,"109,830원",,rimimol
C966067181,소니,미니 비디오카셋트 테이프 6mm 5매,"25,820원",,rimimol
C972084832,소니 알파,알파 투명사다리바인더 AT A4 3cm_(BOX_35개입),"254,220원",,hannyinter
C972085987,소니 알파,알파 투명사다리바인더 AT A4 5cm_(BOX_30개입),"230,960원",,hannyinter
C972089084,소니 알파,알파 투명D링바인더 AT A4 7cm_(BOX_25개입),"174,320원",,hannyinter
D201250406,소니 알파,코팅지 알파 손코팅지 단면 A4 100MIC 100매,"23,400원",,allpinstore
D203400577,소니 알파,코팅지 알파 코팅기용 100MIC A4 (100매),"23,400원",,0marimall0
A550117909,소니,소니 XAV-712BT + 마이비 무선미러링장치 MC-D11,"579,000원",후기평점 4.8점,caraudio
C419791032,소니,PS5 데스루프 (DeathLoop),"36,600원",후기평점 4.8점,ttgame
A500922704,소니,소니정품 삼각대 M2 T9 T50 T70 T100 T200 W80 W55 N2 전용 삼각대,"14,000원",후기평점 4.6점,dana
B781499798,소니,소니정품 SF-M256/T2 UHS-II V60 R277/W150 SD카드,"275,000원",후기평점 4.8점,Jandigital
C447424044,소니,소니 SRS-XB43 블랙 블루투스 스피커/세금포함 연관상품,"189,800원",후기평점 5점,USAPANDA
A500924275,소니,소니정품 삼각대 P200 P150 P100 P8 F88 F707 F717 T5 전용 삼각대,"14,000원",후기평점 5점,dana
B214211181,소니 공식 셀러,소니 액션캠 AKA-WM1 손목마운트 키트 /공식대리점,"18,500원",후기평점 3점,a1122517a
A627486508,소니,소니 XAV-712BT + 지니3d네비게이션 패키지,"949,000원",,audiocar
A566223500,소니,소니 XAV-712BT + 지니3d 네비게이션 셋업박스,"988,950원",후기평점 5점,caraudio
B451023175,소니,소니e 액션캠 전용 액세서리 VCT-AMP1/액션모노포드/밀봉포장/소니코리아정품,"21,140원",,ssgmall
B219087524,소니,소니 SONY MDR-ZX310AP /리모트볼륨컨트롤/헤드폰/헤드셋/스마트폰 통화가능,"43,200원",후기평점 5점,cjmall0
C237902726,소니,FDR-AX43 소니4K128기가+UV필터+크리너+융+전용필름외,"1,640,000원",후기평점 5점,bsz2
C237901094,소니,FDR-AX43 UV필터+크리너+융+액정필름외/4k핸디캠,"1,550,000원",,bsz2
C647158417,소니,HVL-F46RM/전파식무선동조 플래시/소니코리아정품,"439,050원",후기평점 5점,ssgmall
A500923977,소니,소니정품 삼각대 W35 W7 W17 T30 V1 V2 V3 G1 W40 S85 전용 삼각대,"14,000원",,dana
A633274765,소니 알파,표준단렌즈 SEL50F18+고급포켓융,"360,000원",,naraoreum
B295929315,소니,소니 MUC-S12BL1 프리미엄 케이블/MDR-1A/MDR-100AAP/PHA-3,"104,640원",후기평점 5점,cjmall0
B451115407,소니,소니e 액션캠 전용 액세서리 AKA-FGP1/핑거그립마운트/밀봉포장/소니코리아정품,"12,440원",,ssgmall
B524291373,소니,소니 SONY 이어폰 커널형 그레이 MDR-EX450AP H,"78,850원",,favoriteshop
B904055215,소니,초소형소니녹음기ICD-UX570회의강의스틱녹취기-블랙- 휴대용 업무용 보이스레코더 관공서 인기,"159,000원",,sms5949
C736302643,소니,정품 소니 DSC-W810 W830 W710 W730디지털 카메라용 USB 케이블 60cm,"9,300원",후기평점 5점,dysonwei
C861642638,소니 플레이스테이션5 공식 셀러,SIE PS5 플레이스테이션5 디스크에디션 PS5본체 + 정품 듀얼센스 레드,"724,000원",후기평점 5점,ttgame
C975351417,소니,소니정품 UWP-D21 무선마이크 전용케이스+AA배터리4알드림/디지탈e세상,"816,000원",,bsz2
A581795187,소니,소니코리아 정품 SONY HXR-NX3D1N,"2,400,000원",,camnara0
A872976636,소니,HDR-FX1 (라온N)[소니정품/중계용] - 학교/교회/관공서/회사/개인/전문 납품업체 사은품증정/방문수령가능,"632,900원",,snow4001
A891239988,소니,소니정품QD-S64E메모리및PXW-FS7MKII PXW-FS7MK견적,"489,250원",,swcameracokr
B323774204,소니,포터블카세트 소니 CD-카세트 학교-어린이집-학습/VZ7,"122,620원",후기평점 1점,wewe7297
B447417918,소니,소니 액션캠 전용 악세사리 BLT-UHM1/유니버셜헤드마운트/밀봉포장/소니코리아정품,"44,580원",후기평점 5점,ssgmall
B524295309,소니,소니 SONY 이어폰 중저음 모델 커널형 블루 XB55 L,"65,450원",후기평점 5점,favoriteshop
B602199113,소니,소니 SONY 이어폰 하늘색 MDR-EX155 L,"42,560원",,favoriteshop
B828830988,소니,소니캠코더 Full-HD(HDR-CX300) 유튜브 / 교회설교용,"465,500원",,fineapple34244499
B880257835,소니,소니 캠코더 (NEX-VG10/렌즈포함) 교회설교용 / 강의용,"712,500원",후기평점 5점,fineapple4499
C237901781,소니,FDR-AX43 소니4K64기가+UV필터+크리너+융+전용필름외,"1,590,000원",,bsz2
C297486657,소니 공식 셀러,AKA-WM1 액션캠 손목마운트 스트랩 /공식대리점,"18,500원",,a1122517a
C651711926,소니,SONY 소니 알파 렌즈 SEL70200GM2 (FE 70-200mm F2.8 GM OSS 2 / 77mm) 최경량 망원 줌렌즈,"3,666,050원",,homeandshopping
C651713726,소니,SONY 소니 알파 렌즈 어댑터 LA-EA5 컴팩트 (A마운트 to E마운트 변환 / AF 가능),"388,550원",후기평점 5점,homeandshopping
C652089445,소니,SONY 소니 알파 렌즈 SEL200600G (FE 200-600mm F5.6-6.3 G OSS / 95mm) 초망원 줌렌즈,"2,459,550원",,homeandshopping
C669256457,소니,소니 FDR-AX43A 4K캠코더 정품 핸디캠,"1,514,800원",후기평점 3점,camnara0
C670767188,소니,FDR-AX43A 4K캠코더/UV필터+크리너+융+전용필름외,"1,550,000원",,bsz2
C670782180,소니,FDR-AX43A 소니4K128기가+UV필터+크리너+융+전용필름,"1,640,000원",,bsz2
C741924202,소니,소니 대용량 배터리NP-FV100,"101,560원",후기평점 5점,dysonwei
C824613791,소니,소니 CEA-G640T CFexpress Type-A TOUGH 메모리/5년보증,"1,683,480원",,ssgmall
A500924168,소니,소니정품 삼각대 S90 S500 S600 S650 S700 S800 P93 전용 삼각대(소,"14,000원",,dana
A757516508,소니,HXR-NX5N[N](소니코리아 정품/전시진열상품)관공서 교회 학교 방송용 장비 납품전문/방문수령가능/빠른배송,"3,168,400원",,snow4001
B216546991,소니,소니캠코더NEX-VG30H정품 방송장비스마일원우,"2,612,500원",,swcameracokr
B277917150,소니,소니캠코더HVR-Z5N정품중고 교회중계스마일원우,"1,282,500원",,swcameracokr
B309233973,소니,소니/SONY/PXW-Z150/4K/SD/64GB/증정/캠코더,"4,110,000원",,kks0933
B309237159,소니,PXW-Z150/소니/SD/64GB/증정/SONY/4K/캠코더,"4,110,000원",,kks0933
B309241800,소니,캠코더/PXW-Z150/SD/64GB/증정/소니/SONY/4K,"4,120,000원",,kks0933
B367209475,소니,소니 A7R2 + FE 24-70 F4 ZA + 64G 완벽패키지 (P),"4,886,400원",,dslrpump
B367214840,소니,소니 A7S2 + FE 24-70 F4 ZA + 64G 완벽패키지 (P),"4,934,400원",,dslrpump
B367228253,소니,소니 A7S2 + FE 16-35 F4 ZA + 64G 완벽패키지 (P),"5,270,400원",,dslrpump
B367233458,소니,소니 A7R2 + FE 16-35 F4 ZA + 64G 완벽패키지 (P),"5,222,400원",,dslrpump
B367240545,소니,소니 A7R2 + FE 85mm F1.4 GM + 64G 완벽패키지 (P),"5,846,400원",,dslrpump
B367249862,소니,소니 A7S2 + FE 85mm F1.4 GM + 64G 완벽패키지 (P),"5,894,400원",,dslrpump
B451083433,소니,소니e 액션캠 전용 액세서리 VCT-BDM1/보드마운트/밀봉포장/소니코리아정품,"14,350원",,ssgmall
B474043520,소니 알파,(알파) 코팅기용 코팅지 100MIC A3 (100매) 코팅지,"46,000원",,muuin222
B474043620,소니 알파,(알파) 코팅기용 코팅지 150MIC B6 (100매),"16,560원",,muuin222
B474044007,소니 알파,(알파) 코팅기용 코팅지 100MIC B4 (100매),"34,960원",,muuin222
B474044049,소니 알파,(알파) 코팅기용 코팅지 150MIC A4 (100매),"34,040원",,muuin222
B474047351,소니 알파,(알파) 단면 손코팅지 100MIC A3 (20매),"12,880원",,muuin222
B474093170,소니 알파,(알파) 코팅기용 코팅지 150MIC B6 (100매),"17,100원",,thdxodid14
B474579763,소니 알파,(알파) 코팅기용 코팅지 150MIC A3 (100매),"63,480원",,muuin222
B530669042,소니,소니 SONY 이어폰 그린 MDR-XB55 G,"65,170원",,favoriteshop
B530669916,소니,소니 SONY 이어폰 블랙 MDR-XB55 B,"63,740원",,favoriteshop
B530670613,소니,소니 SONY 이어폰 화이트 MDR-XB55 W,"69,350원",,favoriteshop
B530675674,소니,소니 SONY 무선 이어폰 WI-SP500 Bluetooth 블랙,"155,510원",,favoriteshop
B530678261,소니,소니 SONY 무선 헤드폰 Bluetooth 블루 NWBT20N,"114,280원",,favoriteshop
B554239863,소니,소니 SONY 무선 이어폰 핑크 MDR-NWBT20N P,"110,100원",,favoriteshop
B554346033,소니,SONY 인나 수신기 화이트 MDR-AS400IP / W,"59,280원",,favoriteshop
B565294183,소니,소니 SONY 헤드폰 밀폐형 화이트 MDR-ZX110,"43,980원",,favoriteshop
B565748418,소니,SONY VPL-FHZ55 LCD프로젝터 4000안시 WUXGA 극장화질,"4,990,000원",,oksound
B591443158,소니,소니 SONY 렌즈 케이스 소프트 케이스 LCS-FEA1,"86,920원",,favoriteshop
B594513207,소니,소니 SONY 카메라 케이스 케이스 LCS-EMJ,"68,020원",,favoriteshop
B594523677,소니,소니 SONY 카메라 케이스 바디 케이스 LCS-EBE T,"83,410원",,favoriteshop
B602196854,소니,소니 SONY 이어폰 옐로우 MDR-EX155 Y,"42,560원",,favoriteshop
B602197139,소니,소니 SONY 이어폰 그린 MDR-EX155 G,"42,650원",,favoriteshop
B602197401,소니,소니 SONY 이어폰 골드 MDR-EX155 N,"42,650원",,favoriteshop
B602197901,소니,소니 SONY 이어폰 핑크 MDR-EX155 PI,"42,560원",,favoriteshop
B602198561,소니,소니 SONY 이어폰 블루 MDR-EX155 LI,"42,650원",,favoriteshop
B602198839,소니,소니 SONY 이어폰 라이트 핑크 MDR-EX155 P,"42,560원",,favoriteshop
B602199442,소니,소니 SONY 이어폰 레드 MDR-EX155 R,"42,460원",,favoriteshop
B602221613,소니,소니 SONY 이어폰 리모컨 마이크 MDR-EX155AP LI,"41,990원",,favoriteshop
B602222176,소니,소니 SONY 이어폰 리모컨 마이크 MDR-EX155AP W,"41,990원",,favoriteshop
B602222694,소니,소니 SONY 이어폰 리모컨 마이크 MDR-EX155AP L,"41,990원",,favoriteshop
B602223201,소니,소니 SONY 이어폰 리모컨 마이크 MDR-EX155AP R,"41,990원",,favoriteshop
B602224938,소니,소니 SONY 이어폰 화이트 MDR-EX15LP W,"35,050원",,favoriteshop
B662160527,소니,SONY 인나 수신기 블랙 MDR-AS400IP / B 소니,"55,190원",,favoriteshop
B697330528,소니 알파,소니 SELP18105G /E PZ 18-105mm F4 소니공식대리점H,"714,000원",,hcinfo117
B699769221,소니 알파,정품 E PZ 18-105mm F4 G OSS/SELP18105G/공식대리점H,"714,000원",,hcinfo117
B726502749,소니,소니e 액션캠 전용 액세서리 LCM-AKA1/전용케이스/세미하드시스템케이스/소니코리아정품,"35,400원",,ssgmall
B825487971,소니,소니렌즈카메라 2010만화소(ILCE-QX1) 화질굿32GB포함,"560,500원",,fineapple34244499
C216714021,소니,FDR-AX700 정품 사은품 128GB+포켓융증정,"2,660,000원",,yoongane74
C237903222,소니,FDR-AX43 소니4K256기가+UV필터+크리너+융+전용필름외,"1,720,000원",,bsz2
C473671498,소니,소니 RMT-P1BT 블루투스 리모콘,"84,180원",,ssgmall
C543247114,소니,파나소닉 CR2 건전지 카메라 배터리 호환 배터리,"6,280원",,newparstr
C651692009,소니,SONY 소니 알파 렌즈 SEL35F14GM (FE 35mm F1.4 GM / 67mm) 지마스터 단렌즈,"1,737,550원",,homeandshopping
C651692128,소니,SONY 소니 알파 렌즈 SEL35F18F (FE 35mm F1.8 / 55mm) 표준 단렌즈,"711,550원",,homeandshopping
C651692147,소니,SONY 소니 알파 렌즈 SEL50F14Z (Planar T FE 50mm F1.4 ZA / 72mm) 칼자이스 표준 단렌즈,"1,785,050원",,homeandshopping
C651692167,소니,SONY 소니 알파 렌즈 SEL50F18 (E 50mm F1.8 OSS / 49mm) 표준 단렌즈,"293,550원",,homeandshopping
C651693163,소니,SONY 소니 알파 렌즈 SEL70200G (FE 70-200mm F4 G OSS / 72mm) 망원 줌렌즈,"1,680,550원",,homeandshopping
C651693190,소니,SONY 소니 알파 렌즈 SEL70200GM (FE 70-200mm F2.8 GM OSS / 77mm) 망원 줌렌즈,"3,143,550원",,homeandshopping
C651712251,소니,SONY 소니 알파 렌즈 SEL90M28G (FE 90mm F2.8 Macro G OSS / 62mm) 매크로 단렌즈,"1,044,050원",,homeandshopping
C651712305,소니,SONY 소니 알파 렌즈 SELC1635G 시네마 (FE C 16-35mm T3.1G) 프로페셔널 초광각 시네마 표준 줌렌즈,"7,827,050원",,homeandshopping
C651713277,소니,SONY 소니 알파 렌즈 SEL85F14GM (FE 85mm F1.4 GM / 77mm) 표준 단렌즈,"2,032,050원",,homeandshopping
C651713660,소니,SONY 소니 알파 렌즈 SELP28135G (FE PZ 28-135mm F4 G OSS/95mm) 광각 망원 파워 줌렌즈,"3,039,050원",,homeandshopping
C651806510,소니,SONY 소니 미러리스 브이로그 카메라 ZV-E10 바디 (화이트),"844,550원",,homeandshopping
C651843137,소니,SONY 소니 풀프레임 미러리스 카메라 알파 A7SM3 BODY + SEL24105G 줌렌즈 패키지,"6,240,550원",,homeandshopping
